model,sequence,event_type,expected_events,actual_events,unscored_events,true_positives,false_positives,false_negatives,precision,recall,f1,evidence_complete_ratio,processed_frames,dropped_frames,sequence_gaps,detection_frames,total_detections,tracking_frames,track_observations,effective_fps,trt_p95_ms,e2e_p95_ms,power_mean_w,gpu_temp_max_c,run_directory,engine_sha256,tested_commit
nano,Walk1,line_crossing,5,2,0,2,0,3,1.0,0.4,0.5714285714285715,1.0,611,0,0,313,400,87,109,25.185012066431938,3.374531,5.476345,6.992416666666672,56.562,Walk1-20260902T004146Z,59ef6ba75427881aa9fd70967e0ea44b94646e126a9070c4c6f2a9c2d43371bf,03650fc8bbc62e1ef765f85664e8c2bb68868ae4
nano,Browse1,dwell,2,0,2,0,0,2,1.0,0.0,0.0,1.0,1043,0,0,694,858,270,270,25.089144147866328,3.3719519,5.4931732,6.986414634146348,56.593,Browse1-20260902T004231Z,59ef6ba75427881aa9fd70967e0ea44b94646e126a9070c4c6f2a9c2d43371bf,03650fc8bbc62e1ef765f85664e8c2bb68868ae4
nano,EnterExitCrossingPaths1front,roi_intrusion,2,6,0,2,4,0,0.3333333333333333,1.0,0.5,0.8333333333333334,383,0,0,306,932,206,406,25.288550328776207,3.3832588,5.804402400000001,7.016800000000002,56.406,EnterExitCrossingPaths1front-20260902T004332Z,59ef6ba75427881aa9fd70967e0ea44b94646e126a9070c4c6f2a9c2d43371bf,03650fc8bbc62e1ef765f85664e8c2bb68868ae4
tiny,Walk1,line_crossing,5,1,0,1,0,4,1.0,0.2,0.33333333333333337,1.0,611,0,0,190,270,117,124,25.163526812976002,4.08779,6.1389320000000005,7.229875000000001,56.5,Walk1-20260902T004406Z,7d1a77e78fdd1fa4f53780fa0e77f5e0c9a3b77fb65eb165264631ab6a37533b,03650fc8bbc62e1ef765f85664e8c2bb68868ae4
tiny,Browse1,dwell,2,1,2,1,0,1,1.0,0.5,0.6666666666666666,1.0,1043,0,0,608,846,344,344,25.084982020627745,4.1184221,6.229238499999999,7.238695121951218,56.562,Browse1-20260902T004453Z,7d1a77e78fdd1fa4f53780fa0e77f5e0c9a3b77fb65eb165264631ab6a37533b,03650fc8bbc62e1ef765f85664e8c2bb68868ae4
tiny,EnterExitCrossingPaths1front,roi_intrusion,2,4,0,2,2,0,0.5,1.0,0.6666666666666666,1.0,383,0,0,216,579,203,369,25.28658680913516,4.1027677,6.4039250999999995,7.253566666666668,56.468,EnterExitCrossingPaths1front-20260902T004558Z,7d1a77e78fdd1fa4f53780fa0e77f5e0c9a3b77fb65eb165264631ab6a37533b,03650fc8bbc62e1ef765f85664e8c2bb68868ae4
s,Walk1,line_crossing,5,1,0,1,0,4,1.0,0.2,0.33333333333333337,1.0,611,0,0,311,467,167,168,25.177944136348263,8.347289,11.5821155,8.496479166666662,56.25,Walk1-20260902T053759Z,af44d672c144be675bc3bbb2cad9a556224b144ee0e031d55de717dddf008d99,59bfe3ad5385f062f5a471ceec6d18c506586a11
s,Browse1,dwell,2,0,3,0,0,2,1.0,0.0,0.0,1.0,1043,0,0,823,1288,466,466,25.104543339644678,8.3925326,11.9481097,8.510121951219512,56.656,Browse1-20260902T053849Z,af44d672c144be675bc3bbb2cad9a556224b144ee0e031d55de717dddf008d99,59bfe3ad5385f062f5a471ceec6d18c506586a11
s,EnterExitCrossingPaths1front,roi_intrusion,2,2,0,2,0,0,1.0,1.0,1.0,1.0,383,0,0,275,678,214,359,25.273148365215008,8.3678788,11.6729339,8.5033,56.468,EnterExitCrossingPaths1front-20260902T053951Z,af44d672c144be675bc3bbb2cad9a556224b144ee0e031d55de717dddf008d99,59bfe3ad5385f062f5a471ceec6d18c506586a11
