id,sequence,score,nms,track,new_track,match,buffer,HOTA,DetA,AssA,IDF1,MOTA,Recall,Precision,TP,FP,FN,IDSW,Frag,small_target_interruptions,small_target_gt,small_target_tp,small_target_track_recall,screening_status,combined_regressions,pareto_7_metrics
t30_n40_m80,MOT17-02-FRCNN,0.1,0.45,0.3,0.4,0.8,30,27.591000702742363,23.87578120400459,32.44626671429916,33.3229885949259,24.207523814649374,31.66137452236155,81.74239266360985,5883,1314,12698,71,144,38,8765,919,10.484883057615516,CONTROL,,true
t30_n40_m80,MOT17-04-FRCNN,0.1,0.45,0.3,0.4,0.8,30,43.99188909143301,39.566255894627155,49.37768303617582,54.40272391941738,44.554955106503776,50.16506507979898,90.18295909881303,23857,2597,23700,71,250,0,368,0,0,CONTROL,,true
t30_n40_m80,MOT17-05-FRCNN,0.1,0.45,0.3,0.4,0.8,30,43.39566647812174,43.525365981095085,43.59444287508647,58.53815778870175,45.829116669076186,63.29333526095128,79.71595047341587,4378,1114,2539,94,153,68,1888,809,42.84957627118644,CONTROL,,true
t30_n40_m80,MOT17-10-FRCNN,0.1,0.45,0.3,0.4,0.8,30,31.563397386355952,36.17270768418514,27.78353045877429,39.05191873589165,38.54661578004517,49.08481969000701,83.59198832736438,6302,1237,6537,116,251,88,4870,754,15.482546201232033,CONTROL,,true
t30_n40_m80,COMBINED,0.1,0.45,0.3,0.4,0.8,30,39.2188072475832,35.966775910926714,43.33281842289696,48.33152305092928,39.35781311849489,47.058001723054,86.58583608243006,40420,6262,45474,352,798,194,15891,2482,15.618903782014977,CONTROL,,true
t25_n35_m70,MOT17-02-FRCNN,0.1,0.45,0.25,0.35,0.7,30,30.137475197422937,24.256549178913097,38.081808142497735,35.99464934072234,23.615521231365374,32.41483235563209,79.417194092827,6023,1561,12558,74,166,47,8765,999,11.397604107244723,NOT_SELECTED,MOTA;FP;IDSW;small_target_interruptions,true
t25_n35_m70,MOT17-04-FRCNN,0.1,0.45,0.25,0.35,0.7,30,44.35879088768148,40.35631864280067,49.23562683429763,54.72244848905684,45.13320857076771,51.38885968416847,89.42188071716063,24439,2891,23118,84,269,0,368,0,0,NOT_SELECTED,MOTA;FP;IDSW;small_target_interruptions,true
t25_n35_m70,MOT17-05-FRCNN,0.1,0.45,0.25,0.35,0.7,30,42.34945910966889,43.019414426794576,42.07437661249024,56.3854274148742,42.60517565418534,63.24996385716351,76.99753607884547,4375,1307,2542,121,162,72,1888,827,43.80296610169491,NOT_SELECTED,MOTA;FP;IDSW;small_target_interruptions,true
t25_n35_m70,MOT17-10-FRCNN,0.1,0.45,0.25,0.35,0.7,30,30.882577461657107,36.87250025522656,26.20920967202706,37.33783457921389,37.40945556507516,50.105148376041754,81.47163120567376,6433,1463,6406,167,306,117,4870,856,17.57700205338809,NOT_SELECTED,MOTA;FP;IDSW;small_target_interruptions,true
t25_n35_m70,COMBINED,0.1,0.45,0.25,0.35,0.7,30,39.64198283030507,36.533963698578475,43.624997879080155,48.54970011757177,39.12031108109996,48.04759354553287,85.10682174379279,41270,7222,44624,446,903,236,15891,2682,16.877477817632624,NOT_SELECTED,MOTA;FP;IDSW;small_target_interruptions,true
t25_n35_m75,MOT17-02-FRCNN,0.1,0.45,0.25,0.35,0.75,30,30.254841721209598,24.309447630027307,38.27754664032702,36.18036730174487,23.669339648027552,32.51170550562402,79.38239159001314,6041,1569,12540,74,169,48,8765,1000,11.409013120365088,NOT_SELECTED,MOTA;FP;IDSW;small_target_interruptions,true
t25_n35_m75,MOT17-04-FRCNN,0.1,0.45,0.25,0.35,0.75,30,45.165790195812875,40.28662774444475,51.08931623937286,56.234347524910746,44.94396198246315,51.48348297832075,88.99712842135872,24484,3027,23073,83,272,0,368,0,0,NOT_SELECTED,MOTA;FP;IDSW;small_target_interruptions,true
t25_n35_m75,MOT17-05-FRCNN,0.1,0.45,0.25,0.35,0.75,30,43.09739471989017,43.02373603994658,43.554977127115166,57.4138476130256,42.489518577417954,63.51019227989012,76.5998256320837,4393,1342,2524,112,163,78,1888,838,44.38559322033898,NOT_SELECTED,MOTA;FP;IDSW;small_target_interruptions,true
t25_n35_m75,MOT17-10-FRCNN,0.1,0.45,0.25,0.35,0.75,30,30.889968123050473,36.76956303534774,26.288142105272044,37.06904830500336,37.362722953501056,50.4400654256562,81.08175785651684,6476,1511,6363,168,305,121,4870,878,18.028747433264886,NOT_SELECTED,MOTA;FP;IDSW;small_target_interruptions,true
t25_n35_m75,COMBINED,0.1,0.45,0.25,0.35,0.75,30,40.22250673212914,36.49969898161675,44.91636816120674,49.48455138529135,39.01087386779053,48.19195752904743,84.74909403599288,41394,7449,44500,437,909,247,15891,2716,17.091435403687623,NOT_SELECTED,MOTA;FP;IDSW;small_target_interruptions,true
t25_n35_m80,MOT17-02-FRCNN,0.1,0.45,0.25,0.35,0.8,30,30.017949514701936,24.329925640103838,37.61002902057529,36.093726148679586,23.599375706366718,32.51708734729024,79.26013380558835,6042,1581,12539,76,168,48,8765,995,11.351968054763264,NOT_SELECTED,MOTA;FP;IDSW;small_target_interruptions,true
t25_n35_m80,MOT17-04-FRCNN,0.1,0.45,0.25,0.35,0.8,30,44.75090290437411,40.2740674796922,50.19381996997618,55.66535265288728,44.93555102298294,51.500304897281154,88.96153427045876,24492,3039,23065,83,275,0,368,0,0,NOT_SELECTED,MOTA;FP;IDSW;small_target_interruptions,true
t25_n35_m80,MOT17-05-FRCNN,0.1,0.45,0.25,0.35,0.8,30,41.46056539101366,42.96458393424447,40.384773209340835,55.247399936968165,42.330490096862796,63.71259216423305,76.31168831168831,4407,1368,2510,111,162,75,1888,833,44.12076271186441,NOT_SELECTED,MOTA;FP;IDSW;small_target_interruptions,true
t25_n35_m80,MOT17-10-FRCNN,0.1,0.45,0.25,0.35,0.8,30,31.301893125106734,37.01408850866825,26.80482761536156,37.25725245744426,37.1290598956305,50.369966508295036,80.67614770459082,6467,1549,6372,151,304,124,4870,871,17.88501026694045,NOT_SELECTED,MOTA;FP;IDSW;small_target_interruptions,true
t25_n35_m80,COMBINED,0.1,0.45,0.25,0.35,0.8,30,39.828027730798105,36.5322477591452,44.01989352628266,48.97544478971218,38.94334877872726,48.20825668847649,84.6010828480948,41408,7537,44486,421,909,247,15891,2699,16.98445661066012,NOT_SELECTED,MOTA;FP;IDSW;small_target_interruptions,true
t25_n40_m70,MOT17-02-FRCNN,0.1,0.45,0.25,0.4,0.7,30,30.150485690778204,23.941881219227735,38.57558443894399,35.80846634281748,23.5939938647005,31.785156880684575,80.27728693761044,5906,1451,12675,71,155,41,8765,936,10.678836280661724,NOT_SELECTED,MOTA;FP;IDSW;small_target_interruptions,true
t25_n40_m70,MOT17-04-FRCNN,0.1,0.45,0.25,0.4,0.7,30,44.319227332358366,39.88860788469128,49.68654063371009,54.65174229872981,44.79887293142965,50.53304455705785,90.06146005096687,24032,2652,23525,75,255,0,368,0,0,NOT_SELECTED,MOTA;FP;IDSW;small_target_interruptions,true
t25_n40_m70,MOT17-05-FRCNN,0.1,0.45,0.25,0.4,0.7,30,42.32626336051427,43.311702835715685,41.74542095012767,56.42095131146226,44.12317478675726,63.01864970362874,78.54054054054053,4359,1191,2558,116,161,74,1888,818,43.32627118644068,NOT_SELECTED,MOTA;FP;IDSW;small_target_interruptions,true
t25_n40_m70,MOT17-10-FRCNN,0.1,0.45,0.25,0.4,0.7,30,31.10873947842675,36.466850706247406,26.831341993332426,38.07109074065045,38.04034582132565,49.45868058259989,82.79009126466754,6350,1320,6489,146,282,94,4870,781,16.036960985626283,NOT_SELECTED,MOTA;FP;IDSW;small_target_interruptions,true
t25_n40_m70,COMBINED,0.1,0.45,0.25,0.4,0.7,30,39.64814778474737,36.173142902484685,44.031475693124214,48.59299312830912,39.14708827159056,47.32228095093953,86.00537441019021,40647,6614,45247,408,853,209,15891,2535,15.952425901453653,NOT_SELECTED,MOTA;FP;IDSW;small_target_interruptions,true
t25_n40_m75,MOT17-02-FRCNN,0.1,0.45,0.25,0.4,0.75,30,30.26488483149146,24.00786830776868,38.747096415283735,36.012168354576616,23.66395780636134,31.90355739734137,80.23822414726584,5928,1460,12653,71,157,42,8765,938,10.701654306902453,NOT_SELECTED,MOTA;FP;IDSW;small_target_interruptions,true
t25_n40_m75,MOT17-04-FRCNN,0.1,0.45,0.25,0.4,0.75,30,44.14895161444243,39.90957319824758,49.28788142797731,54.69565685377537,44.777845532729145,50.61294867211977,89.92416034669556,24070,2697,23487,78,261,0,368,0,0,NOT_SELECTED,MOTA;FP;IDSW;small_target_interruptions,true
t25_n40_m75,MOT17-05-FRCNN,0.1,0.45,0.25,0.4,0.75,30,43.004199273519475,43.28649342558516,43.10923769208911,57.33886407147415,43.81957496024288,63.322249530143125,77.94981313400962,4380,1239,2537,110,164,80,1888,827,43.80296610169491,NOT_SELECTED,MOTA;FP;IDSW;small_target_interruptions,true
t25_n40_m75,MOT17-10-FRCNN,0.1,0.45,0.25,0.4,0.75,30,30.83865957059311,36.36414641543804,26.44126970888223,37.43377885783718,38.118233507282504,49.746865020640236,82.56204756980352,6387,1349,6452,144,277,97,4870,797,16.365503080082135,NOT_SELECTED,MOTA;FP;IDSW;small_target_interruptions,true
t25_n40_m75,COMBINED,0.1,0.45,0.25,0.4,0.75,30,39.594077149368886,36.184989825734974,43.894531871162265,48.644718299301374,39.13777446620253,47.45965958041307,85.8029888444538,40765,6745,45129,403,859,219,15891,2562,16.122333396262036,NOT_SELECTED,MOTA;FP;IDSW;small_target_interruptions,true
t25_n40_m80,MOT17-02-FRCNN,0.1,0.45,0.25,0.4,0.8,30,29.947574868144784,23.938399686792035,38.01153926334243,35.443427428659334,23.550939131370754,31.951993972337334,80.00269505457486,5937,1484,12644,77,160,44,8765,938,10.701654306902453,NOT_SELECTED,IDF1;MOTA;FP;IDSW;small_target_interruptions,true
t25_n40_m80,MOT17-04-FRCNN,0.1,0.45,0.25,0.4,0.8,30,43.91480108954511,39.903968458550004,48.788572161085305,54.39743796759783,44.777845532729145,50.60664045250962,89.9398333271049,24067,2692,23490,80,263,0,368,0,0,NOT_SELECTED,IDF1;MOTA;FP;IDSW;small_target_interruptions,true
t25_n40_m80,MOT17-05-FRCNN,0.1,0.45,0.25,0.4,0.8,30,41.33419249868039,43.11291696500975,40.010555998721486,55.124741776577146,43.45814659534481,63.46682087610236,77.43870171106015,4390,1279,2527,105,159,74,1888,821,43.485169491525426,NOT_SELECTED,IDF1;MOTA;FP;IDSW;small_target_interruptions,true
t25_n40_m80,MOT17-10-FRCNN,0.1,0.45,0.25,0.4,0.8,30,31.213010044246275,36.666321903577035,26.855312360510265,37.530936089678264,37.97024690396448,49.70792117766181,82.15756951596292,6382,1386,6457,121,275,100,4870,798,16.386036960985628,NOT_SELECTED,IDF1;MOTA;FP;IDSW;small_target_interruptions,true
t25_n40_m80,COMBINED,0.1,0.45,0.25,0.4,0.8,30,39.28488881298633,36.19628052977033,43.21429355237636,48.17131172712361,39.06209979742473,47.47246606282162,85.63328223113594,40776,6841,45118,383,857,218,15891,2557,16.090869045371594,NOT_SELECTED,IDF1;MOTA;FP;IDSW;small_target_interruptions,true
t25_n45_m70,MOT17-02-FRCNN,0.1,0.45,0.25,0.45,0.7,30,30.038399172034637,23.255670884524264,39.31422155517515,35.20332210295385,23.1203917980733,30.402023572466497,81.33909287257019,5649,1296,12932,57,139,32,8765,901,10.279520821448944,NOT_SELECTED,MOTA;Recall;IDSW,true
t25_n45_m70,MOT17-04-FRCNN,0.1,0.45,0.25,0.45,0.7,30,44.17339822905195,39.23185154795162,50.14443241861878,54.690727252962276,44.186975629244905,49.536345858653824,90.48588438640292,23558,2477,23999,67,242,0,368,0,0,NOT_SELECTED,MOTA;Recall;IDSW,true
t25_n45_m70,MOT17-05-FRCNN,0.1,0.45,0.25,0.45,0.7,30,42.63259495127396,43.33970611600062,42.322260201683754,56.89140088817118,44.78820297816973,62.72950701171028,79.35259692757865,4339,1129,2578,112,158,72,1888,804,42.58474576271186,NOT_SELECTED,MOTA;Recall;IDSW,true
t25_n45_m70,MOT17-10-FRCNN,0.1,0.45,0.25,0.45,0.7,30,31.31034488950981,36.14967094671198,27.375649161971744,38.62211913339584,38.624503466002025,48.73432510320118,84.28071120689656,6257,1167,6582,131,254,74,4870,731,15.010266940451745,NOT_SELECTED,MOTA;Recall;IDSW,true
t25_n45_m70,COMBINED,0.1,0.45,0.25,0.45,0.7,30,39.6107662958358,35.63347116624575,44.55881043183055,48.65139717377775,38.84671804782639,46.339674482501685,86.7697070108127,39803,6069,46091,367,793,178,15891,2436,15.329431753822918,NOT_SELECTED,MOTA;Recall;IDSW,true
t25_n45_m75,MOT17-02-FRCNN,0.1,0.45,0.25,0.45,0.75,30,30.11423503209069,23.297355194150636,39.42399417597036,35.12275343592153,23.206501264732793,30.477369355793556,81.38832997987927,5663,1295,12918,56,140,32,8765,893,10.188248716486024,NOT_SELECTED,MOTA;Recall,true
t25_n45_m75,MOT17-04-FRCNN,0.1,0.45,0.25,0.45,0.75,30,44.18233854469946,39.34292334360834,50.029225457271984,54.89669393458413,44.32155098092815,49.727695186828434,90.4152011010858,23649,2507,23908,64,248,0,368,0,0,NOT_SELECTED,MOTA;Recall,true
t25_n45_m75,MOT17-05-FRCNN,0.1,0.45,0.25,0.45,0.75,30,43.079141024080805,43.299746582776095,43.23157740688867,57.43178170144462,44.36894607488796,63.01864970362874,78.63972578026339,4359,1184,2558,106,159,76,1888,815,43.16737288135593,NOT_SELECTED,MOTA;Recall,true
t25_n45_m75,MOT17-10-FRCNN,0.1,0.45,0.25,0.45,0.75,30,30.590749425947823,36.26855837550953,26.063749284369166,37.58547744379397,38.632292234597706,48.96019939247605,83.94764957264957,6286,1202,6553,124,258,86,4870,749,15.379876796714578,NOT_SELECTED,MOTA;Recall,true
t25_n45_m75,COMBINED,0.1,0.45,0.25,0.45,0.75,30,39.585288070989584,35.722018873104105,44.39438558854677,48.64623330985542,38.907257782848625,46.51896523622139,86.59009643515006,39957,6188,45937,350,805,194,15891,2457,15.461582027562772,NOT_SELECTED,MOTA;Recall,true
t25_n45_m80,MOT17-02-FRCNN,0.1,0.45,0.25,0.45,0.8,30,29.96093320532877,23.31847600462201,38.93543361913386,35.09718800109508,23.15806468973683,30.54195145578817,81.21064682312536,5675,1313,12906,59,140,33,8765,896,10.22247575584712,NOT_SELECTED,MOTA;Recall;FP,true
t25_n45_m80,MOT17-04-FRCNN,0.1,0.45,0.25,0.45,0.8,30,43.94182194744228,39.30378658817105,49.54823986826104,54.43196004993758,44.26477700443678,49.67933216981727,90.39984694853645,23626,2509,23931,66,250,0,368,0,0,NOT_SELECTED,MOTA;Recall;FP,true
t25_n45_m80,MOT17-05-FRCNN,0.1,0.45,0.25,0.45,0.8,30,42.33964527420541,43.12921886765156,41.92800352100267,56.245002398848555,44.238831863524645,63.26442099175943,78.29665414206477,4376,1213,2541,103,156,70,1888,809,42.84957627118644,NOT_SELECTED,MOTA;Recall;FP,true
t25_n45_m80,MOT17-10-FRCNN,0.1,0.45,0.25,0.45,0.8,30,32.11822659460082,36.36584720697417,28.629611548685514,39.17890291214457,38.61671469740634,49.00693200405016,83.62573099415205,6292,1232,6547,102,253,85,4870,752,15.441478439425051,NOT_SELECTED,MOTA;Recall;FP,true
t25_n45_m80,COMBINED,0.1,0.45,0.25,0.45,0.8,30,39.53093014456622,35.706373736903785,44.28747745876914,48.51131461439491,38.852539176193915,46.532935944303446,86.4456267843239,39969,6267,45925,330,799,188,15891,2457,15.461582027562772,NOT_SELECTED,MOTA;Recall;FP,true
t30_n35_m70,MOT17-02-FRCNN,0.1,0.45,0.3,0.35,0.7,30,30.155874238835743,24.156284409804705,38.200092223654295,35.75177523927138,24.331306172972393,32.08654001399279,81.32587641522304,5962,1369,12619,72,155,45,8765,981,11.192241871078151,NOT_SELECTED,MOTA;FP;IDSW;small_target_interruptions,true
t30_n35_m70,MOT17-04-FRCNN,0.1,0.45,0.3,0.35,0.7,30,44.625749563417635,40.03554131474547,50.2193801821605,55.27322514396167,44.782051012469246,50.80009252055429,89.67040308811521,24159,2783,23398,79,251,0,368,0,0,NOT_SELECTED,MOTA;FP;IDSW;small_target_interruptions,true
t30_n35_m70,MOT17-05-FRCNN,0.1,0.45,0.3,0.35,0.7,30,42.73090042802426,43.349248860599424,42.48458108641191,57.129078926217645,44.15208905594911,62.84516408847767,78.67873303167421,4347,1178,2570,115,160,69,1888,803,42.53177966101695,NOT_SELECTED,MOTA;FP;IDSW;small_target_interruptions,true
t30_n35_m70,MOT17-10-FRCNN,0.1,0.45,0.3,0.35,0.7,30,31.786608605183698,36.479469943182686,28.04615351486463,39.68757627532341,37.83783783783784,49.287327673494815,82.76222861626995,6328,1318,6511,152,278,103,4870,790,16.2217659137577,NOT_SELECTED,MOTA;FP;IDSW;small_target_interruptions,true
t30_n35_m70,COMBINED,0.1,0.45,0.3,0.35,0.7,30,39.96826296815504,36.31658888753101,44.58341012203581,49.258275960341386,39.26933196730854,47.495750576291705,85.98769075120141,40796,6648,45098,418,844,217,15891,2574,16.197847838399095,NOT_SELECTED,MOTA;FP;IDSW;small_target_interruptions,true
t30_n35_m75,MOT17-02-FRCNN,0.1,0.45,0.3,0.35,0.75,30,30.229548559728915,24.152058690803084,38.376419553481426,35.83551920999846,24.266724072977773,32.091921855659,81.20659131145308,5963,1380,12618,74,157,46,8765,984,11.226468910439246,NOT_SELECTED,MOTA;FP;IDSW;small_target_interruptions,true
t30_n35_m75,MOT17-04-FRCNN,0.1,0.45,0.3,0.35,0.75,30,45.49883810866109,40.02636655349396,52.16724717947891,56.821231149036656,44.7841537523393,50.83373635847509,89.62001853568118,24175,2800,23382,77,251,0,368,0,0,NOT_SELECTED,MOTA;FP;IDSW;small_target_interruptions,true
t30_n35_m75,MOT17-05-FRCNN,0.1,0.45,0.3,0.35,0.75,30,43.45977732605714,43.3683380158217,43.93356364219067,58.29467285234362,44.38340320948388,63.29333526095128,78.38854073410923,4378,1207,2539,101,156,69,1888,814,43.11440677966102,NOT_SELECTED,MOTA;FP;IDSW;small_target_interruptions,true
t30_n35_m75,MOT17-10-FRCNN,0.1,0.45,0.3,0.35,0.75,30,31.358060523257137,36.70604142268494,27.09358587051823,38.422973959600874,37.907936755199,49.52099073136537,82.5071372956138,6358,1348,6481,143,276,106,4870,803,16.48870636550308,NOT_SELECTED,MOTA;FP;IDSW;small_target_interruptions,true
t30_n35_m75,COMBINED,0.1,0.45,0.3,0.35,0.75,30,40.52759643751134,36.34803091689391,45.76288852849579,50.05280780207186,39.285631126737606,47.58656017882507,85.85351509168434,40874,6735,45020,395,840,221,15891,2601,16.367755333207477,NOT_SELECTED,MOTA;FP;IDSW;small_target_interruptions,true
t30_n35_m80,MOT17-02-FRCNN,0.1,0.45,0.3,0.35,0.8,30,27.574859991111474,24.16550767131506,32.059967237340345,33.00693909020817,24.325924331306172,32.172649480652275,81.23386329664356,5978,1381,12603,77,155,46,8765,983,11.215059897318882,NOT_SELECTED,MOTA;FP;IDSW;small_target_interruptions,true
t30_n35_m80,MOT17-04-FRCNN,0.1,0.45,0.3,0.35,0.8,30,45.29813320256711,40.05512388536195,51.69289712007114,56.659511671585726,44.87246882688143,50.882099375486256,89.67868658043953,24198,2785,23359,73,257,0,368,0,0,NOT_SELECTED,MOTA;FP;IDSW;small_target_interruptions,true
t30_n35_m80,MOT17-05-FRCNN,0.1,0.45,0.3,0.35,0.8,30,43.277659401388746,43.234974529208024,43.66547253256317,58.05988023952096,44.54243169003904,63.495735145294205,78.3166904422254,4392,1216,2525,95,153,67,1888,812,43.00847457627118,NOT_SELECTED,MOTA;FP;IDSW;small_target_interruptions,true
t30_n35_m80,MOT17-10-FRCNN,0.1,0.45,0.3,0.35,0.8,30,31.220382670082756,36.51708528285873,26.989799932839325,38.02255492902975,37.767738920476674,49.55214580574811,82.27078753394544,6362,1371,6477,142,279,111,4870,802,16.468172484599588,NOT_SELECTED,MOTA;FP;IDSW;small_target_interruptions,true
t30_n35_m80,COMBINED,0.1,0.45,0.3,0.35,0.8,30,39.95663164482241,36.32733757835464,44.541041954974695,49.327354260089685,39.33918550771882,47.651756816541315,85.83771994211774,40930,6753,44964,387,844,224,15891,2597,16.342583852495125,NOT_SELECTED,MOTA;FP;IDSW;small_target_interruptions,true
t30_n40_m70,MOT17-02-FRCNN,0.1,0.45,0.3,0.4,0.7,30,30.085425346783666,23.833643125507876,38.503643109871966,35.54537335456063,24.180614606318283,31.569883214035844,81.79029559397658,5866,1306,12715,67,145,38,8765,917,10.462065031374786,NOT_SELECTED,MOTA;Recall;IDSW,true
t30_n40_m70,MOT17-04-FRCNN,0.1,0.45,0.3,0.4,0.7,30,44.557531979899956,39.60582004954594,50.58806116219061,54.93323241606747,44.525516748323064,50.127215762138064,90.19333358556241,23839,2592,23718,72,243,0,368,0,0,NOT_SELECTED,MOTA;Recall;IDSW,true
t30_n40_m70,MOT17-05-FRCNN,0.1,0.45,0.3,0.4,0.7,30,42.95917627701124,43.6319539373607,42.63552668495451,57.710716313782754,45.55443111175365,62.68613560792251,80.14787430683919,4336,1074,2581,111,156,69,1888,800,42.3728813559322,NOT_SELECTED,MOTA;Recall;IDSW,true
t30_n40_m70,MOT17-10-FRCNN,0.1,0.45,0.3,0.4,0.7,30,31.891112258754468,36.210250715748224,28.39282224414817,39.95662246759008,38.45315055689695,48.77326894617961,84.07626208378089,6262,1186,6577,139,257,87,4870,730,14.989733059548255,NOT_SELECTED,MOTA;Recall;IDSW,true
t30_n40_m70,COMBINED,0.1,0.45,0.3,0.4,0.7,30,39.95228259647275,35.990570269095755,44.92037902224091,49.12394696082505,39.29960183481966,46.921787319253966,86.74587288263275,40303,6158,45591,389,801,194,15891,2447,15.39865332578189,NOT_SELECTED,MOTA;Recall;IDSW,true
t30_n40_m75,MOT17-02-FRCNN,0.1,0.45,0.3,0.4,0.75,30,30.16587450669956,23.829975004623954,38.69355425361248,35.61888492001864,24.13217803132232,31.553737689037188,81.71428571428572,5863,1312,12718,67,146,38,8765,917,10.462065031374786,NOT_SELECTED,MOTA;Recall;IDSW;small_target_interruptions,true
t30_n40_m75,MOT17-04-FRCNN,0.1,0.45,0.3,0.4,0.75,30,44.68855686752591,39.602383720739745,50.88419083198051,55.3146068933836,44.525516748323064,50.152448640578676,90.15346235258542,23851,2605,23706,71,243,0,368,0,0,NOT_SELECTED,MOTA;Recall;IDSW;small_target_interruptions,true
t30_n40_m75,MOT17-05-FRCNN,0.1,0.45,0.3,0.4,0.75,30,43.61967121774522,43.73012332769511,43.85825205542997,58.79693177230521,45.72791672690472,63.105392511204286,79.82809070958304,4365,1103,2552,99,156,70,1888,810,42.902542372881356,NOT_SELECTED,MOTA;Recall;IDSW;small_target_interruptions,true
t30_n40_m75,MOT17-10-FRCNN,0.1,0.45,0.3,0.4,0.75,30,31.700654085875545,36.51565956123984,27.77667418913236,39.06226962205731,38.7413349949373,49.06924215281564,83.91049547149707,6300,1208,6539,118,257,93,4870,757,15.544147843942506,NOT_SELECTED,MOTA;Recall;IDSW;small_target_interruptions,true
t30_n40_m75,COMBINED,0.1,0.45,0.3,0.4,0.75,30,40.087194952389595,36.0442507029473,45.14427242757334,49.31585421996815,39.346170861759845,47.01026847044031,86.63720042053768,40379,6228,45515,355,802,201,15891,2484,15.631489522371153,NOT_SELECTED,MOTA;Recall;IDSW;small_target_interruptions,true
t30_n45_m70,MOT17-02-FRCNN,0.1,0.45,0.3,0.45,0.7,30,30.095571942063675,23.26887964312701,39.36138722959839,35.44383843174453,24.051450406329046,30.251332005812387,83.63338788870703,5621,1100,12960,52,132,30,8765,883,10.074158585282373,NOT_SELECTED,MOTA;Recall,true
t30_n45_m70,MOT17-04-FRCNN,0.1,0.45,0.3,0.45,0.7,30,44.340965800940175,38.78876888260603,51.11176019299951,54.776339505161395,43.72227011796371,48.926551296339134,90.61100510144476,23268,2411,24289,64,225,0,368,0,0,NOT_SELECTED,MOTA;Recall,true
t30_n45_m70,MOT17-05-FRCNN,0.1,0.45,0.3,0.45,0.7,30,43.05455710557659,43.64576873495151,42.81893364579741,57.63016157989228,46.20500216857019,62.44036431979182,80.92561364062207,4319,1018,2598,105,152,65,1888,784,41.52542372881356,NOT_SELECTED,MOTA;Recall,true
t30_n45_m70,MOT17-10-FRCNN,0.1,0.45,0.3,0.45,0.7,30,32.11690153518539,35.71370882788095,29.138068620165043,40.29150444244784,38.749123763532985,47.82303917750604,85.33703961084086,6140,1055,6699,110,227,60,4870,648,13.305954825462011,NOT_SELECTED,MOTA;Recall,true
t30_n45_m70,COMBINED,0.1,0.45,0.3,0.45,0.7,30,39.8795865525168,35.367948058518,45.49215015569102,49.086573005365906,38.92355694227769,45.80995180105712,87.5723315231906,39348,5584,46546,331,736,155,15891,2315,14.567994462274243,NOT_SELECTED,MOTA;Recall,true
t30_n45_m75,MOT17-02-FRCNN,0.1,0.45,0.3,0.45,0.75,30,30.240879386422293,23.186174687622945,39.85309723959992,35.7473401099553,23.970722781335773,30.154458855820458,83.60190987764847,5603,1099,12978,50,132,29,8765,875,9.982886480319452,NOT_SELECTED,MOTA;Recall,true
t30_n45_m75,MOT17-04-FRCNN,0.1,0.45,0.3,0.45,0.75,30,44.4964548107506,38.957899869095165,51.243940467703695,55.101067237313785,43.93044136509872,49.16416090165486,90.58891902363425,23381,2429,24176,60,228,0,368,0,0,NOT_SELECTED,MOTA;Recall,true
t30_n45_m75,MOT17-05-FRCNN,0.1,0.45,0.3,0.45,0.75,30,43.495168685214956,43.70913652584908,43.630689915497015,58.31438778824294,46.19054503397427,62.816249819285815,80.47786627153177,4345,1054,2572,96,153,67,1888,795,42.108050847457626,NOT_SELECTED,MOTA;Recall,true
t30_n45_m75,MOT17-10-FRCNN,0.1,0.45,0.3,0.45,0.75,30,32.55771744306455,36.06010194961128,29.62385140183369,40.46150785756913,39.15413973050861,48.282576524651454,85.27995597743843,6199,1070,6640,102,230,71,4870,690,14.168377823408624,NOT_SELECTED,MOTA;Recall,true
t30_n45_m75,COMBINED,0.1,0.45,0.3,0.45,0.75,30,40.09754213293096,35.50278842076056,45.80172363281005,49.42398950211331,39.08072740820081,46.01951242228793,87.49003984063745,39528,5652,46366,308,743,167,15891,2360,14.851173620288213,NOT_SELECTED,MOTA;Recall,true
t30_n45_m80,MOT17-02-FRCNN,0.1,0.45,0.3,0.45,0.8,30,28.14802427574068,23.284240823998886,34.492993789540414,33.63327808035362,24.175232764652062,30.418169097465153,83.64658872280599,5652,1105,12929,55,132,30,8765,884,10.085567598402738,NOT_SELECTED,HOTA;IDF1;MOTA;Recall,true
t30_n45_m80,MOT17-04-FRCNN,0.1,0.45,0.3,0.45,0.8,30,43.80626394425413,38.958869564479755,49.688059575342365,54.104792784937736,43.995626301070295,49.23355131736653,90.5939253240472,23414,2431,24143,60,236,0,368,0,0,NOT_SELECTED,HOTA;IDF1;MOTA;Recall,true
t30_n45_m80,MOT17-05-FRCNN,0.1,0.45,0.3,0.45,0.8,30,43.11955250218039,43.49765163758892,43.08394054136427,57.616966164804914,46.10380222639873,63.03310683822466,80.19128195696156,4360,1077,2557,94,153,67,1888,800,42.3728813559322,NOT_SELECTED,HOTA;IDF1;MOTA;Recall,true
t30_n45_m80,MOT17-10-FRCNN,0.1,0.45,0.3,0.45,0.8,30,31.531425809638847,35.842544297543505,27.952653987869404,39.123754770283,38.889321598255314,48.43835189656515,84.75061324611612,6219,1119,6620,107,237,74,4870,690,14.168377823408624,NOT_SELECTED,HOTA;IDF1;MOTA;Recall,true
t30_n45_m80,COMBINED,0.1,0.45,0.3,0.45,0.8,30,39.179952658702035,35.473940420920364,43.802279615450765,48.18124338201126,39.11448995273244,46.155726826087964,87.36804989311766,39645,5732,46249,316,758,171,15891,2374,14.939273802781448,NOT_SELECTED,HOTA;IDF1;MOTA;Recall,true
t35_n35_m70,MOT17-02-FRCNN,0.1,0.45,0.35,0.35,0.7,30,30.071083689897886,23.768401414260037,38.56960696875697,35.2899961074348,23.970722781335773,31.295409289058718,81.7977211984808,5815,1294,12766,67,144,35,8765,937,10.690245293782088,NOT_SELECTED,MOTA;Recall;IDSW,true
t35_n35_m70,MOT17-04-FRCNN,0.1,0.45,0.35,0.35,0.7,30,43.683858357708246,39.42850949006445,48.88391714233112,53.41931288609516,44.38042769728957,49.87698971760203,90.33093415590845,23720,2539,23837,75,235,0,368,0,0,NOT_SELECTED,MOTA;Recall;IDSW,true
t35_n35_m70,MOT17-05-FRCNN,0.1,0.45,0.35,0.35,0.7,30,42.66996273838791,43.34039069682118,42.35974870851963,56.990204808548526,44.62917449761457,62.44036431979182,79.45180279617365,4319,1117,2598,115,152,63,1888,787,41.684322033898304,NOT_SELECTED,MOTA;Recall;IDSW,true
t35_n35_m70,MOT17-10-FRCNN,0.1,0.45,0.35,0.35,0.7,30,32.66093085647876,36.17601402942683,29.79005034125302,41.26858667193598,38.647869771789075,48.64864864864865,84.35980551053484,6246,1158,6593,126,255,88,4870,731,15.010266940451745,NOT_SELECTED,MOTA;Recall;IDSW,true
t35_n35_m70,COMBINED,0.1,0.45,0.35,0.35,0.7,30,39.49846123779394,35.855936898585334,44.093266585288845,48.36565684092595,39.12846066081449,46.68544950753254,86.78150969529086,40100,6108,45794,383,786,186,15891,2455,15.448996287206596,NOT_SELECTED,MOTA;Recall;IDSW,true
t35_n35_m75,MOT17-02-FRCNN,0.1,0.45,0.35,0.35,0.75,30,30.097202943252434,23.73348401997831,38.66969355945629,35.53670777730226,23.970722781335773,31.327700339056026,81.73265936534682,5821,1301,12760,66,144,35,8765,937,10.690245293782088,NOT_SELECTED,MOTA;Recall;IDSW,true
t35_n35_m75,MOT17-04-FRCNN,0.1,0.45,0.35,0.35,0.75,30,44.35664723986168,39.33624485374846,50.48024896102892,54.897340050923674,44.41196879534033,49.908530815652796,90.3192663343354,23735,2544,23822,70,237,0,368,0,0,NOT_SELECTED,MOTA;Recall;IDSW,true
t35_n35_m75,MOT17-05-FRCNN,0.1,0.45,0.35,0.35,0.75,30,42.524349655023826,43.39527965652938,42.04051915350873,56.995069910288535,44.918317189533035,62.657221338730665,79.43548387096774,4334,1122,2583,105,147,64,1888,796,42.16101694915254,NOT_SELECTED,MOTA;Recall;IDSW,true
t35_n35_m75,MOT17-10-FRCNN,0.1,0.45,0.35,0.35,0.75,30,33.034099386841135,36.00560036220666,30.580797785025332,41.73123426935794,38.632292234597706,48.749902640392555,84.30765086206897,6259,1165,6580,134,255,88,4870,727,14.928131416837783,NOT_SELECTED,MOTA;Recall;IDSW,true
t35_n35_m75,COMBINED,0.1,0.45,0.35,0.35,0.75,30,39.938721015536856,35.776591665542576,45.15083309736904,49.310383960658214,39.16688010804014,46.74249656553427,86.75050236598172,40149,6132,45745,375,783,187,15891,2460,15.480460638097036,NOT_SELECTED,MOTA;Recall;IDSW,true
t35_n35_m80,MOT17-02-FRCNN,0.1,0.45,0.35,0.35,0.8,30,28.329725975160347,23.654798383582037,34.445654429382536,34.19548053362374,23.959959098003335,31.343845864054682,81.68302945301544,5824,1306,12757,66,138,33,8765,929,10.598973188819167,NOT_SELECTED,MOTA;Recall,true
t35_n35_m80,MOT17-04-FRCNN,0.1,0.45,0.35,0.35,0.8,30,44.83208109646639,39.421181759614186,51.43334975706628,55.630645882145814,44.4729482515718,49.935866433963454,90.36529680365297,23748,2532,23809,66,240,0,368,0,0,NOT_SELECTED,MOTA;Recall,true
t35_n35_m80,MOT17-05-FRCNN,0.1,0.45,0.35,0.35,0.8,30,43.317172459990886,43.61155113235447,43.36420861515903,58.2008874546188,45.5255168425618,63.01864970362874,79.57283680175247,4359,1119,2558,91,142,59,1888,797,42.21398305084746,NOT_SELECTED,MOTA;Recall,true
t35_n35_m80,MOT17-10-FRCNN,0.1,0.45,0.35,0.35,0.8,30,31.292410809293163,36.13557754211694,27.348980917073956,38.78435622106197,38.624503466002025,48.874522937923516,84.0814685783197,6275,1188,6564,128,257,86,4870,729,14.969199178644764,NOT_SELECTED,MOTA;Recall,true
t35_n35_m80,COMBINED,0.1,0.45,0.35,0.35,0.8,30,39.7997474186152,35.84145058123499,44.75435765167128,49.11792506332942,39.24604745383845,46.80885742892402,86.74246510323403,40206,6145,45688,351,777,178,15891,2455,15.448996287206596,NOT_SELECTED,MOTA;Recall,true
t35_n40_m70,MOT17-02-FRCNN,0.1,0.45,0.35,0.4,0.7,30,29.928176460035587,23.378579210718858,38.79984228811891,34.91988874525013,23.513266239707228,30.617297239115228,81.90325367117765,5689,1257,12892,63,135,31,8765,875,9.982886480319452,NOT_SELECTED,IDF1;MOTA;Recall;IDSW,true
t35_n40_m70,MOT17-04-FRCNN,0.1,0.45,0.35,0.4,0.7,30,43.62653504894201,39.17118397802767,49.0606268763694,53.44149392277225,44.378324957419515,49.509010240343166,90.85822335417149,23545,2369,24012,71,227,0,368,0,0,NOT_SELECTED,IDF1;MOTA;Recall;IDSW,true
t35_n40_m70,MOT17-05-FRCNN,0.1,0.45,0.35,0.4,0.7,30,42.645378246638096,43.549777042670726,42.10415660193452,56.86066443555629,45.7134595923088,62.23796443544889,80.70866141732283,4305,1029,2612,114,149,62,1888,778,41.20762711864407,NOT_SELECTED,IDF1;MOTA;Recall;IDSW,true
t35_n40_m70,MOT17-10-FRCNN,0.1,0.45,0.35,0.4,0.7,30,32.64270105513529,36.03194638620945,29.84988253549197,41.34050393387113,39.00615312719059,48.18132253290755,85.40659947535552,6186,1057,6653,121,241,77,4870,692,14.209445585215606,NOT_SELECTED,IDF1;MOTA;Recall;IDSW,true
t35_n40_m70,COMBINED,0.1,0.45,0.35,0.4,0.7,30,39.437196864208765,35.62162883959649,44.22399557477553,48.30999535524742,39.16920855938715,46.24886487996833,87.42874749653366,39725,5712,46169,369,752,170,15891,2345,14.75678056761689,NOT_SELECTED,IDF1;MOTA;Recall;IDSW,true
t35_n40_m75,MOT17-02-FRCNN,0.1,0.45,0.35,0.4,0.75,30,29.95489989500082,23.344414276178828,38.902913360929425,35.166986414001016,23.518648081373446,30.654970130778754,81.83908045977012,5696,1264,12885,62,135,31,8765,875,9.982886480319452,NOT_SELECTED,MOTA;Recall;IDSW,true
t35_n40_m75,MOT17-04-FRCNN,0.1,0.45,0.35,0.4,0.75,30,43.683218540701105,39.07740505513865,49.305776425653356,53.73560872050298,44.39304413650987,49.52372941943352,90.84667309546771,23552,2373,24005,67,228,0,368,0,0,NOT_SELECTED,MOTA;Recall;IDSW,true
t35_n40_m75,MOT17-05-FRCNN,0.1,0.45,0.35,0.4,0.75,30,42.46960930206871,43.71390699588839,41.60997867574662,56.814289209689264,46.07488795720688,62.425907185195896,80.80089820359282,4318,1026,2599,105,145,62,1888,784,41.52542372881356,NOT_SELECTED,MOTA;Recall;IDSW,true
t35_n40_m75,MOT17-10-FRCNN,0.1,0.45,0.35,0.4,0.75,30,32.86514483734207,35.86256043400036,30.369391888207815,41.476029441018504,39.15413973050861,48.376041747799675,85.44504058329893,6211,1058,6628,126,245,79,4870,695,14.271047227926077,NOT_SELECTED,MOTA;Recall;IDSW,true
t35_n40_m75,COMBINED,0.1,0.45,0.35,0.4,0.75,30,39.485169178042085,35.55017806160423,44.41442307858065,48.537201656113005,39.22974829440939,46.30940461499057,87.42582091520507,39777,5721,46117,360,753,172,15891,2354,14.813416399219683,NOT_SELECTED,MOTA;Recall;IDSW,true
t35_n40_m80,MOT17-02-FRCNN,0.1,0.45,0.35,0.4,0.8,30,28.16617925577581,23.27156957249857,34.574583117278564,33.83037845876874,23.518648081373446,30.68187933910984,81.79340028694405,5701,1269,12880,62,130,29,8765,867,9.891614375356532,NOT_SELECTED,HOTA;IDF1;MOTA;Recall,true
t35_n40_m80,MOT17-04-FRCNN,0.1,0.45,0.35,0.4,0.8,30,43.71769523170349,39.059898257538485,49.38243975151154,53.74503293233901,44.399352356120026,49.525832159303576,90.84352219693756,23553,2374,24004,64,233,0,368,0,0,NOT_SELECTED,HOTA;IDF1;MOTA;Recall,true
t35_n40_m80,MOT17-05-FRCNN,0.1,0.45,0.35,0.4,0.8,30,43.210743165287916,43.85156294582471,42.912686577961345,58.054018874064425,46.754373283215266,62.88853549226543,80.93023255813954,4350,1025,2567,91,142,58,1888,793,42.0021186440678,NOT_SELECTED,HOTA;IDF1;MOTA;Recall,true
t35_n40_m80,MOT17-10-FRCNN,0.1,0.45,0.35,0.4,0.8,30,31.179439024107612,35.89529690121927,27.315289064564148,38.494762448493276,39.0528857387647,48.430563127969464,85.13143483023,6218,1086,6621,118,249,78,4870,690,14.168377823408624,NOT_SELECTED,HOTA;IDF1;MOTA;Recall,true
t35_n40_m80,COMBINED,0.1,0.45,0.35,0.4,0.8,30,39.074274023757646,35.540778714101144,43.504022669844964,47.940975127405494,39.272824644329056,46.361794770298275,87.37493417588205,39822,5754,46072,335,754,165,15891,2350,14.788244918507331,NOT_SELECTED,HOTA;IDF1;MOTA;Recall,true
t35_n45_m70,MOT17-02-FRCNN,0.1,0.45,0.35,0.45,0.7,30,30.010815648002936,23.028112273990455,39.529522645036806,35.42693591986008,23.83617673968032,29.74543888918788,84.06083650190114,5527,1048,13054,50,121,24,8765,832,9.492298916143753,NOT_SELECTED,MOTA;Recall,true
t35_n45_m70,MOT17-04-FRCNN,0.1,0.45,0.35,0.45,0.7,30,43.41306852431389,38.37413713755066,49.554393408781486,53.159448143318,43.396345438105854,48.3525033118153,90.93245808288516,22995,2293,24562,64,212,0,368,0,0,NOT_SELECTED,MOTA;Recall,true
t35_n45_m70,MOT17-05-FRCNN,0.1,0.45,0.35,0.45,0.7,30,42.930163260423434,43.593795304935384,42.61714615699505,57.39344262295082,46.2772878415498,62.093393089489666,81.29850463751657,4295,988,2622,106,144,57,1888,769,40.730932203389834,NOT_SELECTED,MOTA;Recall,true
t35_n45_m70,MOT17-10-FRCNN,0.1,0.45,0.35,0.45,0.7,30,32.8588627931216,35.64285948874446,30.533214520850656,41.75768862938541,39.356647713996416,47.44917828491316,86.68184405236198,6092,936,6747,103,223,63,4870,625,12.833675564681725,NOT_SELECTED,MOTA;Recall,true
t35_n45_m70,COMBINED,0.1,0.45,0.35,0.45,0.7,30,39.397755011270405,35.07654357629755,44.7767819254436,48.38545991327613,38.79316366684518,45.29885673038862,88.08122424955856,38909,5265,46985,323,700,144,15891,2226,14.007929016424391,NOT_SELECTED,MOTA;Recall,true
t35_n45_m75,MOT17-02-FRCNN,0.1,0.45,0.35,0.45,0.75,30,30.10182484395067,22.985895010640924,39.82151309137058,35.799427844882395,23.744685431354608,29.723911522523004,83.84697130712009,5523,1064,13058,47,120,23,8765,823,9.389617798060467,NOT_SELECTED,MOTA;Recall,true
t35_n45_m75,MOT17-04-FRCNN,0.1,0.45,0.35,0.45,0.75,30,43.49744558361138,38.44426234345041,49.65631508699945,53.38542737679073,43.59820846563072,48.55436633934016,90.95241846541673,23091,2297,24466,60,214,0,368,0,0,NOT_SELECTED,MOTA;Recall,true
t35_n45_m75,MOT17-05-FRCNN,0.1,0.45,0.35,0.45,0.75,30,42.75522259936526,43.656669669923325,42.21643999402796,57.21307446547064,46.34957351452942,62.13676449327743,81.2476370510397,4298,992,2619,100,142,59,1888,772,40.889830508474574,NOT_SELECTED,MOTA;Recall,true
t35_n45_m75,MOT17-10-FRCNN,0.1,0.45,0.35,0.45,0.75,30,32.94469360805777,35.52528848409548,30.77651770320708,41.72784873780549,39.47347924293169,47.61274242542254,86.74613310628636,6113,934,6726,111,225,64,4870,626,12.854209445585216,NOT_SELECTED,MOTA;Recall,true
t35_n45_m75,COMBINED,0.1,0.45,0.35,0.45,0.75,30,39.45588919507247,35.09238092433897,44.883848370009254,48.56458227731441,38.90842200852213,45.43390690851515,88.0686947102365,39025,5287,46869,318,701,146,15891,2221,13.97646466553395,NOT_SELECTED,MOTA;Recall,true
t35_n45_m80,MOT17-02-FRCNN,0.1,0.45,0.35,0.45,0.8,30,28.21992509024592,22.980972323467324,35.08360335828058,33.91850027802049,23.733921748022173,29.750820730854098,83.79566469607397,5528,1069,13053,49,116,22,8765,818,9.332572732458642,NOT_SELECTED,HOTA;IDF1;MOTA;Recall,true
t35_n45_m80,MOT17-04-FRCNN,0.1,0.45,0.35,0.45,0.8,30,43.497096101453856,38.397940111592604,49.696923830879875,53.59971498259749,43.66549614147234,48.62165401518178,90.96022973132449,23123,2298,24434,59,219,0,368,0,0,NOT_SELECTED,HOTA;IDF1;MOTA;Recall,true
t35_n45_m80,MOT17-05-FRCNN,0.1,0.45,0.35,0.45,0.8,30,42.84982347725356,43.74492605049566,42.312578656465554,57.222131548882,46.5230591296805,62.52710712736735,81.03803635000936,4325,1012,2592,95,140,57,1888,784,41.52542372881356,NOT_SELECTED,HOTA;IDF1;MOTA;Recall,true
t35_n45_m80,MOT17-10-FRCNN,0.1,0.45,0.35,0.45,0.8,30,31.140753828924044,35.60893663624954,27.449131785544107,38.6453584489755,39.41116909416621,47.83861671469741,86.2398202752036,6142,980,6697,102,231,63,4870,629,12.915811088295689,NOT_SELECTED,HOTA;IDF1;MOTA;Recall,true
t35_n45_m80,COMBINED,0.1,0.45,0.35,0.45,0.8,30,38.93453668609727,35.0879820915808,43.722932371087,47.849598453643836,38.948005681421286,45.54217989615107,87.95107583694943,39118,5359,46776,305,706,142,15891,2231,14.039393367314831,NOT_SELECTED,HOTA;IDF1;MOTA;Recall,true
