row_type,sequence,reference,candidate,scope,cohort,model,gt_tracks,gt_observations,matched_observations,missed_observations,micro_coverage,macro_coverage,shared_matched_observations,candidate_gained_observations,candidate_lost_observations,closed_gap_seconds_count,closed_gap_seconds_total,closed_gap_seconds_p50,closed_gap_seconds_p95,censored_gap_seconds_count,censored_gap_seconds_total,censored_gap_seconds_p50,censored_gap_seconds_p95,matched_run_seconds_mean,matched_run_seconds_p50,matched_run_seconds_p95,same_identity_run_seconds_mean,same_identity_run_seconds_p50,same_identity_run_seconds_p95,longest_matched_seconds_per_gt_mean,longest_same_identity_seconds_per_gt_mean,small_start_interruptions,coverage_gt_increased,coverage_gt_decreased,coverage_gt_unchanged,longest_same_identity_seconds_gt_increased,longest_same_identity_seconds_gt_decreased,duration_scope
paired,COMBINED,tiny416,tiny640,all_gt,all,tiny416,335,85894,29325,56569,0.34140917875520993,0.3691842996898142,28439,11981,886,527,372.1904761904759,0.2857142857142857,2.4285714285714284,427,1613.1380952380946,0.8571428571428571,15.966666666666667,1.5299055278948046,0.5,7.0,1.4669788223772813,0.43333333333333335,6.9,2.3213219616204697,2.2922956645344708,75,191,47,97,173,57,full_eligible_gt_lifetime
paired,COMBINED,tiny416,tiny640,all_gt,all,tiny640,335,85894,40420,45474,0.47058001723054,0.44833179870759415,28439,11981,886,798,489.60000000000014,0.23333333333333334,2.466666666666667,449,1122.9238095238097,0.6428571428571429,11.366666666666667,1.4150600801068083,0.35714285714285715,6.733333333333333,1.3422998986828771,0.3333333333333333,6.566666666666666,2.8954655294953797,2.8595024875621884,194,191,47,97,173,57,full_eligible_gt_lifetime
paired,COMBINED,tiny416,tiny640,all_gt,common,tiny416,219,58502,29325,29177,0.5012649140200335,0.5647339744113596,28439,8374,886,527,372.1904761904759,0.2857142857142857,2.4285714285714284,311,688.1095238095239,0.4666666666666667,10.7,1.5299055278948046,0.5,7.0,1.4669788223772813,0.43333333333333335,6.9,3.5508806262230928,3.506479669493369,75,138,47,34,120,57,full_eligible_gt_lifetime
paired,COMBINED,tiny416,tiny640,all_gt,common,tiny640,219,58502,36813,21689,0.6292605381012615,0.6361459095244252,28439,8374,886,660,398.2666666666665,0.23333333333333334,2.3666666666666667,292,411.2523809523809,0.3333333333333333,5.8,1.5837206782599262,0.43333333333333335,7.5,1.4968714797747051,0.36666666666666664,7.033333333333333,4.134377038486626,4.080887149380299,105,138,47,34,120,57,full_eligible_gt_lifetime
paired,COMBINED,tiny416,tiny640,all_gt,candidate_only,tiny416,53,17432,0,17432,0.0,0.0,0,3607,0,0,0,,,53,588.6857142857143,9.866666666666667,35.0,,,,,,,0.0,0.0,0,53,0,0,53,0,full_eligible_gt_lifetime
paired,COMBINED,tiny416,tiny640,all_gt,candidate_only,tiny640,53,17432,3607,13825,0.20691831115190454,0.20519242228669762,0,3607,0,138,91.33333333333334,0.23333333333333334,2.466666666666667,94,375.3285714285714,1.4333333333333333,15.833333333333334,0.6388681126901022,0.2,3.1666666666666665,0.6162818662818664,0.16666666666666666,3.1666666666666665,1.2179694519317161,1.2116801437556157,89,53,0,0,53,0,full_eligible_gt_lifetime
paired,COMBINED,tiny416,tiny640,all_gt,reference_only,tiny416,0,0,0,0,,,0,0,0,0,0,,,0,0,,,,,,,,,,,0,0,0,0,0,0,full_eligible_gt_lifetime
paired,COMBINED,tiny416,tiny640,all_gt,reference_only,tiny640,0,0,0,0,,,0,0,0,0,0,,,0,0,,,,,,,,,,,0,0,0,0,0,0,full_eligible_gt_lifetime
paired,COMBINED,tiny416,tiny640,all_gt,neither,tiny416,63,9960,0,9960,0.0,0.0,0,0,0,0,0,,,63,336.34285714285716,2.3666666666666667,15.666666666666666,,,,,,,0.0,0.0,0,0,0,63,0,0,full_eligible_gt_lifetime
paired,COMBINED,tiny416,tiny640,all_gt,neither,tiny640,63,9960,0,9960,0.0,0.0,0,0,0,0,0,,,63,336.34285714285716,2.3666666666666667,15.666666666666666,,,,,,,0.0,0.0,0,0,0,63,0,0,full_eligible_gt_lifetime
paired,COMBINED,tiny416,t35_n35_m80,all_gt,all,tiny416,335,85894,29325,56569,0.34140917875520993,0.3691842996898142,28461,11745,864,527,372.1904761904759,0.2857142857142857,2.4285714285714284,427,1613.1380952380946,0.8571428571428571,15.966666666666667,1.5299055278948046,0.5,7.0,1.4669788223772813,0.43333333333333335,6.9,2.3213219616204697,2.2922956645344708,75,196,43,96,174,59,full_eligible_gt_lifetime
paired,COMBINED,tiny416,t35_n35_m80,all_gt,all,t35_n35_m80,335,85894,40206,45688,0.4680885742892402,0.44950530933162414,28461,11745,864,777,522.1857142857144,0.23333333333333334,2.8,450,1098.1952380952382,0.7,10.866666666666667,1.4318033677349262,0.36666666666666664,6.733333333333333,1.361896150865409,0.3333333333333333,6.566666666666666,2.9098081023454148,2.875636105188343,178,196,43,96,174,59,full_eligible_gt_lifetime
paired,COMBINED,tiny416,t35_n35_m80,all_gt,common,tiny416,218,58488,29319,29169,0.5012823143208863,0.5653585732454878,28461,8354,858,526,372.0476190476188,0.2857142857142857,2.4285714285714284,309,687.6809523809525,0.5,10.7,1.5334421402969798,0.5,7.0,1.470207412862053,0.4666666666666667,6.9,3.565530799475755,3.5209261686325917,75,139,42,37,117,58,full_eligible_gt_lifetime
paired,COMBINED,tiny416,t35_n35_m80,all_gt,common,t35_n35_m80,218,58488,36815,21673,0.629445356312406,0.6399567417424519,28461,8354,858,654,402.56666666666666,0.23333333333333334,2.6,290,406.26666666666665,0.3333333333333333,5.8,1.5960736129314104,0.43333333333333335,7.5,1.50788319661559,0.4,7.033333333333333,4.181979030144166,4.132066404543467,100,139,42,37,117,58,full_eligible_gt_lifetime
paired,COMBINED,tiny416,t35_n35_m80,all_gt,candidate_only,tiny416,57,18676,0,18676,0.0,0.0,0,3391,0,0,0,,,57,629.5809523809523,10.0,35.0,,,,,,,0.0,0.0,0,57,0,0,57,0,full_eligible_gt_lifetime
paired,COMBINED,tiny416,t35_n35_m80,all_gt,candidate_only,t35_n35_m80,57,18676,3391,15285,0.18156992932105376,0.19427559519718562,0,3391,0,123,119.6190476190476,0.26666666666666666,5.433333333333334,100,395.4809523809524,1.4333333333333333,14.733333333333333,0.636005291005291,0.2,3.1,0.6255789747593028,0.2,3.1,1.1072681704260652,1.097326649958229,78,57,0,0,57,0,full_eligible_gt_lifetime
paired,COMBINED,tiny416,t35_n35_m80,all_gt,reference_only,tiny416,1,14,6,8,0.42857142857142855,0.42857142857142855,0,0,6,1,0.14285714285714285,0.14285714285714285,0.14285714285714285,2,0.42857142857142855,0.14285714285714285,0.2857142857142857,0.2142857142857143,0.07142857142857142,0.35714285714285715,0.2142857142857143,0.07142857142857142,0.35714285714285715,0.35714285714285715,0.35714285714285715,0,0,1,0,0,1,full_eligible_gt_lifetime
paired,COMBINED,tiny416,t35_n35_m80,all_gt,reference_only,t35_n35_m80,1,14,0,14,0.0,0.0,0,0,6,0,0,,,1,1.0,1.0,1.0,,,,,,,0.0,0.0,0,0,1,0,0,1,full_eligible_gt_lifetime
paired,COMBINED,tiny416,t35_n35_m80,all_gt,neither,tiny416,59,8716,0,8716,0.0,0.0,0,0,0,0,0,,,59,295.447619047619,2.2666666666666666,35.0,,,,,,,0.0,0.0,0,0,0,59,0,0,full_eligible_gt_lifetime
paired,COMBINED,tiny416,t35_n35_m80,all_gt,neither,t35_n35_m80,59,8716,0,8716,0.0,0.0,0,0,0,0,0,,,59,295.447619047619,2.2666666666666666,35.0,,,,,,,0.0,0.0,0,0,0,59,0,0,full_eligible_gt_lifetime
paired,COMBINED,tiny416,t30_n45_m75,all_gt,all,tiny416,335,85894,29325,56569,0.34140917875520993,0.3691842996898142,28419,11109,906,527,372.1904761904759,0.2857142857142857,2.4285714285714284,427,1613.1380952380946,0.8571428571428571,15.966666666666667,1.5299055278948046,0.5,7.0,1.4669788223772813,0.43333333333333335,6.9,2.3213219616204697,2.2922956645344708,75,184,54,97,169,64,full_eligible_gt_lifetime
paired,COMBINED,tiny416,t30_n45_m75,all_gt,all,t30_n45_m75,335,85894,39528,46366,0.46019512422287934,0.44170649343799445,28419,11109,906,743,471.2000000000002,0.21428571428571427,2.566666666666667,453,1172.314285714286,0.6428571428571429,11.366666666666667,1.468439415370108,0.36666666666666664,7.033333333333333,1.4058045587903403,0.35714285714285715,6.9,2.8962473347547966,2.8666098081023446,167,184,54,97,169,64,full_eligible_gt_lifetime
paired,COMBINED,tiny416,t30_n45_m75,all_gt,common,tiny416,217,58405,29315,29090,0.5019262049482065,0.5664284594018683,28419,8074,896,527,372.1904761904759,0.2857142857142857,2.4285714285714284,309,681.8952380952381,0.4666666666666667,10.7,1.533058115719407,0.5,7.0,1.4698392243495348,0.43333333333333335,6.9,3.58031599736669,3.5355058152293184,75,134,52,31,119,62,full_eligible_gt_lifetime
paired,COMBINED,tiny416,t30_n45_m75,all_gt,common,t30_n45_m75,217,58405,36493,21912,0.6248266415546614,0.6376315143539251,28419,8074,896,637,383.03333333333325,0.21428571428571427,2.2666666666666666,294,431.4809523809523,0.3333333333333333,6.366666666666666,1.6161202185792343,0.43333333333333335,7.533333333333333,1.543810589112602,0.4,7.2,4.2111696291419785,4.1672591617292065,101,134,52,31,119,62,full_eligible_gt_lifetime
paired,COMBINED,tiny416,t30_n45_m75,all_gt,candidate_only,tiny416,50,16109,0,16109,0.0,0.0,0,3035,0,0,0,,,50,544.5857142857143,9.866666666666667,35.0,,,,,,,0.0,0.0,0,50,0,0,50,0,full_eligible_gt_lifetime
paired,COMBINED,tiny416,t30_n45_m75,all_gt,candidate_only,t30_n45_m75,50,16109,3035,13074,0.1884039977652244,0.19211273373852783,0,3035,0,106,88.16666666666666,0.26666666666666666,4.833333333333333,91,353.46190476190475,1.6666666666666667,14.633333333333333,0.659981684981685,0.2,3.1,0.6394853593611357,0.2,2.933333333333333,1.1283809523809523,1.1203809523809525,66,50,0,0,50,0,full_eligible_gt_lifetime
paired,COMBINED,tiny416,t30_n45_m75,all_gt,reference_only,tiny416,2,97,10,87,0.10309278350515463,0.38088235294117645,0,0,10,0,0,,,2,6.214285714285714,0.21428571428571427,6.0,0.35714285714285715,0.07142857142857142,0.6428571428571429,0.35714285714285715,0.07142857142857142,0.6428571428571429,0.35714285714285715,0.35714285714285715,0,0,2,0,0,2,full_eligible_gt_lifetime
paired,COMBINED,tiny416,t30_n45_m75,all_gt,reference_only,t30_n45_m75,2,97,0,97,0.0,0.0,0,0,10,0,0,,,2,6.928571428571428,0.8571428571428571,6.071428571428571,,,,,,,0.0,0.0,0,0,2,0,0,2,full_eligible_gt_lifetime
paired,COMBINED,tiny416,t30_n45_m75,all_gt,neither,tiny416,66,11283,0,11283,0.0,0.0,0,0,0,0,0,,,66,380.4428571428572,2.3333333333333335,35.0,,,,,,,0.0,0.0,0,0,0,66,0,0,full_eligible_gt_lifetime
paired,COMBINED,tiny416,t30_n45_m75,all_gt,neither,t30_n45_m75,66,11283,0,11283,0.0,0.0,0,0,0,0,0,,,66,380.4428571428572,2.3333333333333335,35.0,,,,,,,0.0,0.0,0,0,0,66,0,0,full_eligible_gt_lifetime
paired,COMBINED,tiny640,t35_n35_m80,all_gt,all,tiny640,335,85894,40420,45474,0.47058001723054,0.44833179870759415,39824,382,596,798,489.60000000000014,0.23333333333333334,2.466666666666667,449,1122.9238095238097,0.6428571428571429,11.366666666666667,1.4150600801068083,0.35714285714285715,6.733333333333333,1.3422998986828771,0.3333333333333333,6.566666666666666,2.8954655294953797,2.8595024875621884,194,58,64,213,32,31,full_eligible_gt_lifetime
paired,COMBINED,tiny640,t35_n35_m80,all_gt,all,t35_n35_m80,335,85894,40206,45688,0.4680885742892402,0.44950530933162414,39824,382,596,777,522.1857142857144,0.23333333333333334,2.8,450,1098.1952380952382,0.7,10.866666666666667,1.4318033677349262,0.36666666666666664,6.733333333333333,1.361896150865409,0.3333333333333333,6.566666666666666,2.9098081023454148,2.875636105188343,178,58,64,213,32,31,full_eligible_gt_lifetime
paired,COMBINED,tiny640,t35_n35_m80,all_gt,common,tiny640,270,75902,40415,35487,0.5324629127032225,0.5549995656510155,39824,344,591,797,489.3857142857144,0.23333333333333334,2.466666666666667,382,784.8666666666664,0.43333333333333335,10.366666666666667,1.4187039764359344,0.36666666666666664,6.733333333333333,1.3455619047619045,0.3333333333333333,6.566666666666666,3.591463844797177,3.546843033509699,194,53,62,155,27,29,full_eligible_gt_lifetime
paired,COMBINED,tiny640,t35_n35_m80,all_gt,common,t35_n35_m80,270,75902,40168,35734,0.529208716502859,0.5545134763945703,39824,344,591,775,521.6857142857144,0.23333333333333334,2.8,381,761.4095238095236,0.5,9.9,1.4401093643198903,0.36666666666666664,6.733333333333333,1.3693487586117246,0.3333333333333333,6.566666666666666,3.605837742504408,3.5634391534391523,177,53,62,155,27,29,full_eligible_gt_lifetime
paired,COMBINED,tiny640,t35_n35_m80,all_gt,candidate_only,tiny640,5,1262,0,1262,0.0,0.0,0,38,0,0,0,,,5,42.18095238095238,10.333333333333334,15.566666666666666,,,,,,,0.0,0.0,0,5,0,0,5,0,full_eligible_gt_lifetime
paired,COMBINED,tiny640,t35_n35_m80,all_gt,candidate_only,t35_n35_m80,5,1262,38,1224,0.030110935023771792,0.17312799991202377,0,38,0,2,0.5,0.06666666666666667,0.43333333333333335,9,40.338095238095235,1.7,14.733333333333333,0.19183673469387758,0.14285714285714285,0.4666666666666667,0.19183673469387758,0.14285714285714285,0.4666666666666667,0.24190476190476193,0.24190476190476193,1,5,0,0,5,0,full_eligible_gt_lifetime
paired,COMBINED,tiny640,t35_n35_m80,all_gt,reference_only,tiny640,2,32,5,27,0.15625,0.17063492063492064,0,0,5,1,0.21428571428571427,0.21428571428571427,0.21428571428571427,4,1.7142857142857142,0.14285714285714285,1.1428571428571428,0.11904761904761903,0.07142857142857142,0.21428571428571427,0.11904761904761903,0.07142857142857142,0.21428571428571427,0.14285714285714285,0.14285714285714285,0,0,2,0,0,2,full_eligible_gt_lifetime
paired,COMBINED,tiny640,t35_n35_m80,all_gt,reference_only,t35_n35_m80,2,32,0,32,0.0,0.0,0,0,5,0,0,,,2,2.2857142857142856,1.0,1.2857142857142858,,,,,,,0.0,0.0,0,0,2,0,0,2,full_eligible_gt_lifetime
paired,COMBINED,tiny640,t35_n35_m80,all_gt,neither,tiny640,58,8698,0,8698,0.0,0.0,0,0,0,0,0,,,58,294.1619047619048,2.2666666666666666,35.0,,,,,,,0.0,0.0,0,0,0,58,0,0,full_eligible_gt_lifetime
paired,COMBINED,tiny640,t35_n35_m80,all_gt,neither,t35_n35_m80,58,8698,0,8698,0.0,0.0,0,0,0,0,0,,,58,294.1619047619048,2.2666666666666666,35.0,,,,,,,0.0,0.0,0,0,0,58,0,0,full_eligible_gt_lifetime
paired,COMBINED,tiny640,t30_n45_m75,all_gt,all,tiny640,335,85894,40420,45474,0.47058001723054,0.44833179870759415,39360,168,1060,798,489.60000000000014,0.23333333333333334,2.466666666666667,449,1122.9238095238097,0.6428571428571429,11.366666666666667,1.4150600801068083,0.35714285714285715,6.733333333333333,1.3422998986828771,0.3333333333333333,6.566666666666666,2.8954655294953797,2.8595024875621884,194,16,97,222,18,48,full_eligible_gt_lifetime
paired,COMBINED,tiny640,t30_n45_m75,all_gt,all,t30_n45_m75,335,85894,39528,46366,0.46019512422287934,0.44170649343799445,39360,168,1060,743,471.2000000000002,0.21428571428571427,2.566666666666667,453,1172.314285714286,0.6428571428571429,11.366666666666667,1.468439415370108,0.36666666666666664,7.033333333333333,1.4058045587903403,0.35714285714285715,6.9,2.8962473347547966,2.8666098081023446,167,16,97,222,18,48,full_eligible_gt_lifetime
paired,COMBINED,tiny640,t30_n45_m75,all_gt,common,tiny640,266,74308,40381,33927,0.5434273564084621,0.5613509355539364,39360,157,1021,796,489.0333333333335,0.23333333333333334,2.466666666666667,375,730.9714285714285,0.42857142857142855,9.966666666666667,1.4241009774908073,0.36666666666666664,6.733333333333333,1.3503528911564626,0.3333333333333333,6.566666666666666,3.6404582885785883,3.5951664876476896,192,15,91,160,17,42,full_eligible_gt_lifetime
paired,COMBINED,tiny640,t30_n45_m75,all_gt,common,t30_n45_m75,266,74308,39517,34791,0.5318000753620068,0.556083749035623,39360,157,1021,743,471.2000000000002,0.21428571428571427,2.566666666666667,383,778.442857142857,0.43333333333333335,9.9,1.4695313606116378,0.36666666666666664,7.033333333333333,1.406790458118731,0.35714285714285715,6.9,3.646151092015753,3.608825635517364,167,15,91,160,17,42,full_eligible_gt_lifetime
paired,COMBINED,tiny640,t30_n45_m75,all_gt,candidate_only,tiny640,1,206,0,206,0.0,0.0,0,11,0,0,0,,,1,6.866666666666666,6.866666666666666,6.866666666666666,,,,,,,0.0,0.0,0,1,0,0,1,0,full_eligible_gt_lifetime
paired,COMBINED,tiny640,t30_n45_m75,all_gt,candidate_only,t30_n45_m75,1,206,11,195,0.05339805825242718,0.05339805825242718,0,11,0,0,0,,,2,6.5,3.033333333333333,3.466666666666667,0.36666666666666664,0.36666666666666664,0.36666666666666664,0.36666666666666664,0.36666666666666664,0.36666666666666664,0.36666666666666664,0.36666666666666664,0,1,0,0,1,0,full_eligible_gt_lifetime
paired,COMBINED,tiny640,t30_n45_m75,all_gt,reference_only,tiny640,6,1626,39,1587,0.023985239852398525,0.14530061828282584,0,0,39,2,0.5666666666666667,0.23333333333333334,0.3333333333333333,11,55.60952380952381,1.4333333333333333,22.433333333333334,0.2148809523809524,0.06666666666666667,0.6428571428571429,0.2148809523809524,0.06666666666666667,0.6428571428571429,0.2698412698412698,0.2698412698412698,2,0,6,0,0,6,full_eligible_gt_lifetime
paired,COMBINED,tiny640,t30_n45_m75,all_gt,reference_only,t30_n45_m75,6,1626,0,1626,0.0,0.0,0,0,39,0,0,,,6,57.8952380952381,2.2,35.0,,,,,,,0.0,0.0,0,0,6,0,0,6,full_eligible_gt_lifetime
paired,COMBINED,tiny640,t30_n45_m75,all_gt,neither,tiny640,62,9754,0,9754,0.0,0.0,0,0,0,0,0,,,62,329.4761904761905,2.3333333333333335,15.666666666666666,,,,,,,0.0,0.0,0,0,0,62,0,0,full_eligible_gt_lifetime
paired,COMBINED,tiny640,t30_n45_m75,all_gt,neither,t30_n45_m75,62,9754,0,9754,0.0,0.0,0,0,0,0,0,,,62,329.4761904761905,2.3333333333333335,15.666666666666666,,,,,,,0.0,0.0,0,0,0,62,0,0,full_eligible_gt_lifetime
paired,COMBINED,t35_n35_m80,t30_n45_m75,all_gt,all,t35_n35_m80,335,85894,40206,45688,0.4680885742892402,0.44950530933162414,38986,542,1220,777,522.1857142857144,0.23333333333333334,2.8,450,1098.1952380952382,0.7,10.866666666666667,1.4318033677349262,0.36666666666666664,6.733333333333333,1.361896150865409,0.3333333333333333,6.566666666666666,2.9098081023454148,2.875636105188343,178,50,108,177,34,61,full_eligible_gt_lifetime
paired,COMBINED,t35_n35_m80,t30_n45_m75,all_gt,all,t30_n45_m75,335,85894,39528,46366,0.46019512422287934,0.44170649343799445,38986,542,1220,743,471.2000000000002,0.21428571428571427,2.566666666666667,453,1172.314285714286,0.6428571428571429,11.366666666666667,1.468439415370108,0.36666666666666664,7.033333333333333,1.4058045587903403,0.35714285714285715,6.9,2.8962473347547966,2.8666098081023446,167,50,108,177,34,61,full_eligible_gt_lifetime
paired,COMBINED,t35_n35_m80,t30_n45_m75,all_gt,common,t35_n35_m80,264,74276,40127,34149,0.5402418008508805,0.5637993075998929,38986,526,1141,773,521.0857142857144,0.23333333333333334,2.8,370,705.9,0.43333333333333335,8.733333333333333,1.4494971759195476,0.36666666666666664,6.8,1.3777530443891577,0.35714285714285715,6.566666666666666,3.681655844155843,3.6382936507936496,175,47,97,120,31,50,full_eligible_gt_lifetime
paired,COMBINED,t35_n35_m80,t30_n45_m75,all_gt,common,t30_n45_m75,264,74276,39512,34764,0.5319618719370994,0.5590038159174464,38986,526,1141,742,470.9857142857145,0.21428571428571427,2.566666666666667,379,776.7285714285713,0.43333333333333335,9.966666666666667,1.4735586481113316,0.36666666666666664,7.033333333333333,1.4104662226450992,0.35714285714285715,6.9,3.672691197691197,3.6350829725829716,167,47,97,120,31,50,full_eligible_gt_lifetime
paired,COMBINED,t35_n35_m80,t30_n45_m75,all_gt,candidate_only,t35_n35_m80,3,238,0,238,0.0,0.0,0,16,0,0,0,,,3,9.152380952380952,1.2857142857142858,6.866666666666666,,,,,,,0.0,0.0,0,3,0,0,3,0,full_eligible_gt_lifetime
paired,COMBINED,t35_n35_m80,t30_n45_m75,all_gt,candidate_only,t30_n45_m75,3,238,16,222,0.06722689075630252,0.13155596650742282,0,16,0,1,0.21428571428571427,0.21428571428571427,0.21428571428571427,6,8.214285714285715,0.35714285714285715,3.466666666666667,0.18095238095238092,0.07142857142857142,0.36666666666666664,0.18095238095238092,0.07142857142857142,0.36666666666666664,0.21746031746031744,0.21746031746031744,0,3,0,0,3,0,full_eligible_gt_lifetime
paired,COMBINED,t35_n35_m80,t30_n45_m75,all_gt,reference_only,t35_n35_m80,11,2888,79,2809,0.027354570637119113,0.15829649270203172,0,0,79,4,1.1,0.26666666666666666,0.43333333333333335,20,95.84761904761906,1.4333333333333333,14.733333333333333,0.20857142857142857,0.13333333333333333,0.6428571428571429,0.20857142857142857,0.13333333333333333,0.6428571428571429,0.2571428571428572,0.2571428571428572,3,0,11,0,0,11,full_eligible_gt_lifetime
paired,COMBINED,t35_n35_m80,t30_n45_m75,all_gt,reference_only,t30_n45_m75,11,2888,0,2888,0.0,0.0,0,0,79,0,0,,,11,100.07619047619048,6.071428571428571,35.0,,,,,,,0.0,0.0,0,0,11,0,0,11,full_eligible_gt_lifetime
paired,COMBINED,t35_n35_m80,t30_n45_m75,all_gt,neither,t35_n35_m80,57,8492,0,8492,0.0,0.0,0,0,0,0,0,,,57,287.2952380952381,2.2666666666666666,35.0,,,,,,,0.0,0.0,0,0,0,57,0,0,full_eligible_gt_lifetime
paired,COMBINED,t35_n35_m80,t30_n45_m75,all_gt,neither,t30_n45_m75,57,8492,0,8492,0.0,0.0,0,0,0,0,0,,,57,287.2952380952381,2.2666666666666666,35.0,,,,,,,0.0,0.0,0,0,0,57,0,0,full_eligible_gt_lifetime
paired,COMBINED,tiny416,tiny640,small_gt_lifetime,all,tiny416,136,23186,3218,19968,0.13879064952988873,0.19761702302058776,2957,3051,261,162,107.93809523809526,0.3333333333333333,2.2333333333333334,165,607.9095238095238,1.4,14.0,0.6429639120222082,0.2857142857142857,2.6,0.6206967635539062,0.2857142857142857,2.1666666666666665,0.6320028011204482,0.604796918767507,75,82,13,41,71,16,full_eligible_gt_lifetime
paired,COMBINED,tiny416,tiny640,small_gt_lifetime,all,tiny640,136,23186,6008,17178,0.25912188389545415,0.28515717855622613,2957,3051,261,324,201.88571428571422,0.26666666666666666,2.1333333333333333,187,416.9238095238094,0.7142857142857143,9.7,0.5670260557053008,0.21428571428571427,2.7142857142857144,0.5414843414843413,0.21428571428571427,2.642857142857143,1.000140056022409,0.9852941176470589,194,82,13,41,71,16,full_eligible_gt_lifetime
paired,COMBINED,tiny416,tiny640,small_gt_lifetime,common,tiny416,61,9560,3218,6342,0.33661087866108785,0.4405887726360645,2957,1385,261,162,107.93809523809526,0.3333333333333333,2.2333333333333334,90,144.07142857142856,0.36666666666666664,7.033333333333333,0.6429639120222082,0.2857142857142857,2.6,0.6206967635539062,0.2857142857142857,2.1666666666666665,1.409055425448868,1.34839968774395,75,43,13,5,32,16,full_eligible_gt_lifetime
paired,COMBINED,tiny416,tiny640,small_gt_lifetime,common,tiny640,61,9560,4342,5218,0.45418410041841006,0.5109767965459538,2957,1385,261,220,132.01904761904765,0.2857142857142857,2.066666666666667,82,80.23809523809524,0.21428571428571427,5.0,0.6517200474495846,0.26666666666666666,2.7142857142857144,0.6166105499438831,0.23333333333333334,2.7142857142857144,1.6825917252146765,1.6527712724434036,105,43,13,5,32,16,full_eligible_gt_lifetime
paired,COMBINED,tiny416,tiny640,small_gt_lifetime,candidate_only,tiny416,39,9121,0,9121,0.0,0.0,0,1666,0,0,0,,,39,311.38571428571436,6.366666666666666,20.0,,,,,,,0.0,0.0,0,39,0,0,39,0,full_eligible_gt_lifetime
paired,COMBINED,tiny416,tiny640,small_gt_lifetime,candidate_only,tiny640,39,9121,1666,7455,0.18265541059094398,0.19517414600880917,0,1666,0,104,69.86666666666667,0.2,2.466666666666667,69,184.23333333333332,1.1428571428571428,12.0,0.4005994005994005,0.16666666666666666,1.4,0.38969873663751214,0.13333333333333333,1.4,0.8559218559218559,0.8507936507936507,89,39,0,0,39,0,full_eligible_gt_lifetime
paired,COMBINED,tiny416,tiny640,small_gt_lifetime,reference_only,tiny416,0,0,0,0,,,0,0,0,0,0,,,0,0,,,,,,,,,,,0,0,0,0,0,0,full_eligible_gt_lifetime
paired,COMBINED,tiny416,tiny640,small_gt_lifetime,reference_only,tiny640,0,0,0,0,,,0,0,0,0,0,,,0,0,,,,,,,,,,,0,0,0,0,0,0,full_eligible_gt_lifetime
paired,COMBINED,tiny416,tiny640,small_gt_lifetime,neither,tiny416,36,4505,0,4505,0.0,0.0,0,0,0,0,0,,,36,152.45238095238093,3.4285714285714284,13.4,,,,,,,0.0,0.0,0,0,0,36,0,0,full_eligible_gt_lifetime
paired,COMBINED,tiny416,tiny640,small_gt_lifetime,neither,tiny640,36,4505,0,4505,0.0,0.0,0,0,0,0,0,,,36,152.45238095238093,3.4285714285714284,13.4,,,,,,,0.0,0.0,0,0,0,36,0,0,full_eligible_gt_lifetime
paired,COMBINED,tiny416,t35_n35_m80,small_gt_lifetime,all,tiny416,136,23186,3218,19968,0.13879064952988873,0.19761702302058776,2968,2960,250,162,107.93809523809526,0.3333333333333333,2.2333333333333334,165,607.9095238095238,1.4,14.0,0.6429639120222082,0.2857142857142857,2.6,0.6206967635539062,0.2857142857142857,2.1666666666666665,0.6320028011204482,0.604796918767507,75,85,9,42,72,15,full_eligible_gt_lifetime
paired,COMBINED,tiny416,t35_n35_m80,small_gt_lifetime,all,t35_n35_m80,136,23186,5928,17258,0.25567152592081427,0.289662582061597,2968,2960,250,318,230.0714285714285,0.26666666666666666,2.6666666666666665,187,391.74761904761897,0.7333333333333333,9.333333333333334,0.5652607709750566,0.21428571428571427,2.7142857142857144,0.543271221532091,0.21428571428571427,2.7142857142857144,0.9888655462184874,0.9850840336134455,178,85,9,42,72,15,full_eligible_gt_lifetime
paired,COMBINED,tiny416,t35_n35_m80,small_gt_lifetime,common,tiny416,61,9560,3218,6342,0.33661087866108785,0.4405887726360645,2968,1369,250,162,107.93809523809526,0.3333333333333333,2.2333333333333334,90,144.07142857142856,0.36666666666666664,7.033333333333333,0.6429639120222082,0.2857142857142857,2.6,0.6206967635539062,0.2857142857142857,2.1666666666666665,1.409055425448868,1.34839968774395,75,44,9,8,31,15,full_eligible_gt_lifetime
paired,COMBINED,tiny416,t35_n35_m80,small_gt_lifetime,common,t35_n35_m80,61,9560,4337,5223,0.4536610878661088,0.5178135083134935,2968,1369,250,224,133.38571428571427,0.26666666666666666,2.1333333333333333,82,79.03809523809524,0.21428571428571427,4.933333333333334,0.6419883040935671,0.26666666666666666,2.7142857142857144,0.6098888888888888,0.23333333333333334,2.642857142857143,1.6859484777517566,1.680249804839969,100,44,9,8,31,15,full_eligible_gt_lifetime
paired,COMBINED,tiny416,t35_n35_m80,small_gt_lifetime,candidate_only,tiny416,41,9975,0,9975,0.0,0.0,0,1591,0,0,0,,,41,339.2809523809524,7.066666666666666,20.0,,,,,,,0.0,0.0,0,41,0,0,41,0,full_eligible_gt_lifetime
paired,COMBINED,tiny416,t35_n35_m80,small_gt_lifetime,candidate_only,t35_n35_m80,41,9975,1591,8384,0.15949874686716792,0.19042651593302606,0,1591,0,94,96.68571428571427,0.23333333333333334,6.0,71,188.15238095238092,1.1333333333333333,10.966666666666667,0.4032804232804233,0.16666666666666666,2.933333333333333,0.39739311783107406,0.14285714285714285,2.933333333333333,0.7717770034843207,0.7677119628339142,78,41,0,0,41,0,full_eligible_gt_lifetime
paired,COMBINED,tiny416,t35_n35_m80,small_gt_lifetime,reference_only,tiny416,0,0,0,0,,,0,0,0,0,0,,,0,0,,,,,,,,,,,0,0,0,0,0,0,full_eligible_gt_lifetime
paired,COMBINED,tiny416,t35_n35_m80,small_gt_lifetime,reference_only,t35_n35_m80,0,0,0,0,,,0,0,0,0,0,,,0,0,,,,,,,,,,,0,0,0,0,0,0,full_eligible_gt_lifetime
paired,COMBINED,tiny416,t35_n35_m80,small_gt_lifetime,neither,tiny416,34,3651,0,3651,0.0,0.0,0,0,0,0,0,,,34,124.55714285714286,2.6666666666666665,9.7,,,,,,,0.0,0.0,0,0,0,34,0,0,full_eligible_gt_lifetime
paired,COMBINED,tiny416,t35_n35_m80,small_gt_lifetime,neither,t35_n35_m80,34,3651,0,3651,0.0,0.0,0,0,0,0,0,,,34,124.55714285714286,2.6666666666666665,9.7,,,,,,,0.0,0.0,0,0,0,34,0,0,full_eligible_gt_lifetime
paired,COMBINED,tiny416,t30_n45_m75,small_gt_lifetime,all,tiny416,136,23186,3218,19968,0.13879064952988873,0.19761702302058776,2958,2700,260,162,107.93809523809526,0.3333333333333333,2.2333333333333334,165,607.9095238095238,1.4,14.0,0.6429639120222082,0.2857142857142857,2.6,0.6206967635539062,0.2857142857142857,2.1666666666666665,0.6320028011204482,0.604796918767507,75,79,14,43,67,19,full_eligible_gt_lifetime
paired,COMBINED,tiny416,t30_n45_m75,small_gt_lifetime,all,t30_n45_m75,136,23186,5658,17528,0.24402656775640472,0.27788295488403986,2958,2700,260,290,191.43809523809514,0.23333333333333334,2.5,187,439.6095238095236,0.7857142857142857,9.9,0.5896148640334684,0.21428571428571427,2.642857142857143,0.567614309405354,0.21428571428571427,2.5,0.9877450980392153,0.9862745098039213,167,79,14,43,67,19,full_eligible_gt_lifetime
paired,COMBINED,tiny416,t30_n45_m75,small_gt_lifetime,common,tiny416,60,9475,3217,6258,0.3395250659630607,0.44773584041529296,2958,1294,259,162,107.93809523809526,0.3333333333333333,2.2333333333333334,89,138.07142857142856,0.36666666666666664,7.033333333333333,0.6455383955383958,0.2857142857142857,2.6,0.6230848861283643,0.2857142857142857,2.1666666666666665,1.4313492063492064,1.3696825396825398,75,42,13,5,30,18,full_eligible_gt_lifetime
paired,COMBINED,tiny416,t30_n45_m75,small_gt_lifetime,common,t30_n45_m75,60,9475,4252,5223,0.4487598944591029,0.5165537829625559,2958,1294,259,212,123.77142857142856,0.23333333333333334,2.066666666666667,82,85.98571428571427,0.21428571428571427,5.633333333333334,0.6601540616246496,0.26666666666666666,2.7142857142857144,0.6300417710944024,0.23333333333333334,2.642857142857143,1.7675396825396825,1.7653174603174606,101,42,13,5,30,18,full_eligible_gt_lifetime
paired,COMBINED,tiny416,t30_n45_m75,small_gt_lifetime,candidate_only,tiny416,37,8848,0,8848,0.0,0.0,0,1406,0,0,0,,,37,302.28571428571433,6.866666666666666,20.0,,,,,,,0.0,0.0,0,37,0,0,37,0,full_eligible_gt_lifetime
paired,COMBINED,tiny416,t30_n45_m75,small_gt_lifetime,candidate_only,t30_n45_m75,37,8848,1406,7442,0.15890596745027125,0.18375283476962376,0,1406,0,78,67.66666666666667,0.21428571428571427,5.433333333333334,66,186.00000000000003,1.4333333333333333,12.0,0.4227743271221533,0.16666666666666666,2.3333333333333335,0.41554741554741564,0.16666666666666666,2.3333333333333335,0.7643500643500643,0.7625482625482626,66,37,0,0,37,0,full_eligible_gt_lifetime
paired,COMBINED,tiny416,t30_n45_m75,small_gt_lifetime,reference_only,tiny416,1,85,1,84,0.011764705882352941,0.011764705882352941,0,0,1,0,0,,,1,6.0,6.0,6.0,0.07142857142857142,0.07142857142857142,0.07142857142857142,0.07142857142857142,0.07142857142857142,0.07142857142857142,0.07142857142857142,0.07142857142857142,0,0,1,0,0,1,full_eligible_gt_lifetime
paired,COMBINED,tiny416,t30_n45_m75,small_gt_lifetime,reference_only,t30_n45_m75,1,85,0,85,0.0,0.0,0,0,1,0,0,,,1,6.071428571428571,6.071428571428571,6.071428571428571,,,,,,,0.0,0.0,0,0,1,0,0,1,full_eligible_gt_lifetime
paired,COMBINED,tiny416,t30_n45_m75,small_gt_lifetime,neither,tiny416,38,4778,0,4778,0.0,0.0,0,0,0,0,0,,,38,161.55238095238096,2.6666666666666665,13.4,,,,,,,0.0,0.0,0,0,0,38,0,0,full_eligible_gt_lifetime
paired,COMBINED,tiny416,t30_n45_m75,small_gt_lifetime,neither,t30_n45_m75,38,4778,0,4778,0.0,0.0,0,0,0,0,0,,,38,161.55238095238096,2.6666666666666665,13.4,,,,,,,0.0,0.0,0,0,0,38,0,0,full_eligible_gt_lifetime
paired,COMBINED,tiny640,t35_n35_m80,small_gt_lifetime,all,tiny640,136,23186,6008,17178,0.25912188389545415,0.28515717855622613,5765,163,243,324,201.88571428571422,0.26666666666666666,2.1333333333333333,187,416.9238095238094,0.7142857142857143,9.7,0.5670260557053008,0.21428571428571427,2.7142857142857144,0.5414843414843413,0.21428571428571427,2.642857142857143,1.000140056022409,0.9852941176470589,194,30,30,76,18,11,full_eligible_gt_lifetime
paired,COMBINED,tiny640,t35_n35_m80,small_gt_lifetime,all,t35_n35_m80,136,23186,5928,17258,0.25567152592081427,0.289662582061597,5765,163,243,318,230.0714285714285,0.26666666666666666,2.6666666666666665,187,391.74761904761897,0.7333333333333333,9.333333333333334,0.5652607709750566,0.21428571428571427,2.7142857142857144,0.543271221532091,0.21428571428571427,2.7142857142857144,0.9888655462184874,0.9850840336134455,178,30,30,76,18,11,full_eligible_gt_lifetime
paired,COMBINED,tiny640,t35_n35_m80,small_gt_lifetime,common,tiny640,99,18663,6007,12656,0.3218667952633553,0.39116990634435556,5765,149,242,324,201.88571428571422,0.26666666666666666,2.1333333333333333,149,263.2571428571428,0.42857142857142855,8.433333333333334,0.5681976809636383,0.21428571428571427,2.7142857142857144,0.5425454154573792,0.21428571428571427,2.642857142857143,1.373208273208273,1.352813852813853,194,27,29,43,15,10,full_eligible_gt_lifetime
paired,COMBINED,tiny640,t35_n35_m80,small_gt_lifetime,common,t35_n35_m80,99,18663,5914,12749,0.3168836735787387,0.3908952772842389,5765,149,242,317,229.63809523809516,0.26666666666666666,2.6666666666666665,148,238.98571428571427,0.5,6.933333333333334,0.5693910256410255,0.21428571428571427,2.8333333333333335,0.5470361816782139,0.21428571428571427,2.7142857142857144,1.353968253968254,1.3487734487734488,177,27,29,43,15,10,full_eligible_gt_lifetime
paired,COMBINED,tiny640,t35_n35_m80,small_gt_lifetime,candidate_only,tiny640,3,872,0,872,0.0,0.0,0,14,0,0,0,,,3,29.18095238095238,13.4,15.566666666666666,,,,,,,0.0,0.0,0,3,0,0,3,0,full_eligible_gt_lifetime
paired,COMBINED,tiny640,t35_n35_m80,small_gt_lifetime,candidate_only,t35_n35_m80,3,872,14,858,0.016055045871559634,0.23182623641251274,0,14,0,1,0.43333333333333335,0.43333333333333335,0.43333333333333335,5,28.204761904761902,1.7,14.733333333333333,0.13571428571428573,0.1,0.2,0.13571428571428573,0.1,0.2,0.14761904761904762,0.14761904761904762,1,3,0,0,3,0,full_eligible_gt_lifetime
paired,COMBINED,tiny640,t35_n35_m80,small_gt_lifetime,reference_only,tiny640,1,18,1,17,0.05555555555555555,0.05555555555555555,0,0,1,0,0,,,2,1.2142857142857142,0.07142857142857142,1.1428571428571428,0.07142857142857142,0.07142857142857142,0.07142857142857142,0.07142857142857142,0.07142857142857142,0.07142857142857142,0.07142857142857142,0.07142857142857142,0,0,1,0,0,1,full_eligible_gt_lifetime
paired,COMBINED,tiny640,t35_n35_m80,small_gt_lifetime,reference_only,t35_n35_m80,1,18,0,18,0.0,0.0,0,0,1,0,0,,,1,1.2857142857142858,1.2857142857142858,1.2857142857142858,,,,,,,0.0,0.0,0,0,1,0,0,1,full_eligible_gt_lifetime
paired,COMBINED,tiny640,t35_n35_m80,small_gt_lifetime,neither,tiny640,33,3633,0,3633,0.0,0.0,0,0,0,0,0,,,33,123.27142857142857,3.4285714285714284,9.7,,,,,,,0.0,0.0,0,0,0,33,0,0,full_eligible_gt_lifetime
paired,COMBINED,tiny640,t35_n35_m80,small_gt_lifetime,neither,t35_n35_m80,33,3633,0,3633,0.0,0.0,0,0,0,0,0,,,33,123.27142857142857,3.4285714285714284,9.7,,,,,,,0.0,0.0,0,0,0,33,0,0,full_eligible_gt_lifetime
paired,COMBINED,tiny640,t30_n45_m75,small_gt_lifetime,all,tiny640,136,23186,6008,17178,0.25912188389545415,0.28515717855622613,5573,85,435,324,201.88571428571422,0.26666666666666666,2.1333333333333333,187,416.9238095238094,0.7142857142857143,9.7,0.5670260557053008,0.21428571428571427,2.7142857142857144,0.5414843414843413,0.21428571428571427,2.642857142857143,1.000140056022409,0.9852941176470589,194,8,47,81,11,22,full_eligible_gt_lifetime
paired,COMBINED,tiny640,t30_n45_m75,small_gt_lifetime,all,t30_n45_m75,136,23186,5658,17528,0.24402656775640472,0.27788295488403986,5573,85,435,290,191.43809523809514,0.23333333333333334,2.5,187,439.6095238095236,0.7857142857142857,9.9,0.5896148640334684,0.21428571428571427,2.642857142857143,0.567614309405354,0.21428571428571427,2.5,0.9877450980392153,0.9862745098039213,167,8,47,81,11,22,full_eligible_gt_lifetime
paired,COMBINED,tiny640,t30_n45_m75,small_gt_lifetime,common,tiny640,96,18117,5995,12122,0.33090467516697025,0.40287253177229454,5573,74,422,322,201.31904761904758,0.26666666666666666,2.1333333333333333,143,243.50952380952373,0.3333333333333333,8.2,0.573946229209387,0.21428571428571427,2.8333333333333335,0.5477386388345291,0.21428571428571427,2.7142857142857144,1.4125992063492063,1.3915674603174601,192,7,43,46,10,18,full_eligible_gt_lifetime
paired,COMBINED,tiny640,t30_n45_m75,small_gt_lifetime,common,t30_n45_m75,96,18117,5647,12470,0.3116961969420986,0.3931112896455937,5573,74,422,290,191.43809523809514,0.23333333333333334,2.5,146,265.4857142857143,0.42857142857142855,8.433333333333334,0.5901924500370094,0.21428571428571427,2.642857142857143,0.5681154257214105,0.21428571428571427,2.5,1.3954861111111108,1.3934027777777773,167,7,43,46,10,18,full_eligible_gt_lifetime
paired,COMBINED,tiny640,t30_n45_m75,small_gt_lifetime,candidate_only,tiny640,1,206,0,206,0.0,0.0,0,11,0,0,0,,,1,6.866666666666666,6.866666666666666,6.866666666666666,,,,,,,0.0,0.0,0,1,0,0,1,0,full_eligible_gt_lifetime
paired,COMBINED,tiny640,t30_n45_m75,small_gt_lifetime,candidate_only,t30_n45_m75,1,206,11,195,0.05339805825242718,0.05339805825242718,0,11,0,0,0,,,2,6.5,3.033333333333333,3.466666666666667,0.36666666666666664,0.36666666666666664,0.36666666666666664,0.36666666666666664,0.36666666666666664,0.36666666666666664,0.36666666666666664,0.36666666666666664,0,1,0,0,1,0,full_eligible_gt_lifetime
paired,COMBINED,tiny640,t30_n45_m75,small_gt_lifetime,reference_only,tiny640,4,564,13,551,0.02304964539007092,0.02640330837661973,0,0,13,2,0.5666666666666667,0.23333333333333334,0.3333333333333333,8,20.961904761904762,1.1333333333333333,9.3,0.08492063492063491,0.06666666666666667,0.16666666666666666,0.08492063492063491,0.06666666666666667,0.16666666666666666,0.10238095238095238,0.10238095238095238,2,0,4,0,0,4,full_eligible_gt_lifetime
paired,COMBINED,tiny640,t30_n45_m75,small_gt_lifetime,reference_only,t30_n45_m75,4,564,0,564,0.0,0.0,0,0,13,0,0,,,4,22.038095238095238,2.2,11.633333333333333,,,,,,,0.0,0.0,0,0,4,0,0,4,full_eligible_gt_lifetime
paired,COMBINED,tiny640,t30_n45_m75,small_gt_lifetime,neither,tiny640,35,4299,0,4299,0.0,0.0,0,0,0,0,0,,,35,145.58571428571426,3.4285714285714284,13.4,,,,,,,0.0,0.0,0,0,0,35,0,0,full_eligible_gt_lifetime
paired,COMBINED,tiny640,t30_n45_m75,small_gt_lifetime,neither,t30_n45_m75,35,4299,0,4299,0.0,0.0,0,0,0,0,0,,,35,145.58571428571426,3.4285714285714284,13.4,,,,,,,0.0,0.0,0,0,0,35,0,0,full_eligible_gt_lifetime
paired,COMBINED,t35_n35_m80,t30_n45_m75,small_gt_lifetime,all,t35_n35_m80,136,23186,5928,17258,0.25567152592081427,0.289662582061597,5469,189,459,318,230.0714285714285,0.26666666666666666,2.6666666666666665,187,391.74761904761897,0.7333333333333333,9.333333333333334,0.5652607709750566,0.21428571428571427,2.7142857142857144,0.543271221532091,0.21428571428571427,2.7142857142857144,0.9888655462184874,0.9850840336134455,178,20,53,63,12,31,full_eligible_gt_lifetime
paired,COMBINED,t35_n35_m80,t30_n45_m75,small_gt_lifetime,all,t30_n45_m75,136,23186,5658,17528,0.24402656775640472,0.27788295488403986,5469,189,459,290,191.43809523809514,0.23333333333333334,2.5,187,439.6095238095236,0.7857142857142857,9.9,0.5896148640334684,0.21428571428571427,2.642857142857143,0.567614309405354,0.21428571428571427,2.5,0.9877450980392153,0.9862745098039213,167,20,53,63,12,31,full_eligible_gt_lifetime
paired,COMBINED,t35_n35_m80,t30_n45_m75,small_gt_lifetime,common,t35_n35_m80,95,18099,5900,12199,0.32598486104204655,0.40621214619073975,5469,177,431,315,229.03809523809514,0.26666666666666666,2.6666666666666665,140,218.09047619047618,0.42857142857142855,6.466666666666667,0.5763995354239255,0.21428571428571427,2.8333333333333335,0.553451544552247,0.21428571428571427,2.7142857142857144,1.4070175438596493,1.4016040100250626,175,18,46,31,10,24,full_eligible_gt_lifetime
paired,COMBINED,t35_n35_m80,t30_n45_m75,small_gt_lifetime,common,t30_n45_m75,95,18099,5646,12453,0.3119509365158296,0.39666450789917307,5469,177,431,290,191.43809523809514,0.23333333333333334,2.5,144,264.2714285714286,0.42857142857142855,8.433333333333334,0.5915398886827455,0.21428571428571427,2.642857142857143,0.5693571428571427,0.21428571428571427,2.5,1.4094235588972428,1.4073182957393482,167,18,46,31,10,24,full_eligible_gt_lifetime
paired,COMBINED,t35_n35_m80,t30_n45_m75,small_gt_lifetime,candidate_only,t35_n35_m80,2,224,0,224,0.0,0.0,0,12,0,0,0,,,2,8.152380952380952,1.2857142857142858,6.866666666666666,,,,,,,0.0,0.0,0,2,0,0,2,0,full_eligible_gt_lifetime
paired,COMBINED,t35_n35_m80,t30_n45_m75,small_gt_lifetime,candidate_only,t30_n45_m75,2,224,12,212,0.05357142857142857,0.05447680690399137,0,12,0,0,0,,,4,7.714285714285714,1.1428571428571428,3.466666666666667,0.21904761904761905,0.07142857142857142,0.36666666666666664,0.21904761904761905,0.07142857142857142,0.36666666666666664,0.21904761904761905,0.21904761904761905,0,2,0,0,2,0,full_eligible_gt_lifetime
paired,COMBINED,t35_n35_m80,t30_n45_m75,small_gt_lifetime,reference_only,t35_n35_m80,7,1436,28,1408,0.019498607242339833,0.11485103889384443,0,0,28,3,1.0333333333333332,0.3333333333333333,0.43333333333333335,13,49.1,1.4333333333333333,14.733333333333333,0.10857142857142857,0.1,0.2,0.10857142857142857,0.1,0.2,0.11700680272108843,0.11700680272108843,3,0,7,0,0,7,full_eligible_gt_lifetime
paired,COMBINED,t35_n35_m80,t30_n45_m75,small_gt_lifetime,reference_only,t30_n45_m75,7,1436,0,1436,0.0,0.0,0,0,28,0,0,,,7,51.219047619047615,6.071428571428571,15.566666666666666,,,,,,,0.0,0.0,0,0,7,0,0,7,full_eligible_gt_lifetime
paired,COMBINED,t35_n35_m80,t30_n45_m75,small_gt_lifetime,neither,t35_n35_m80,32,3427,0,3427,0.0,0.0,0,0,0,0,0,,,32,116.4047619047619,2.6666666666666665,9.7,,,,,,,0.0,0.0,0,0,0,32,0,0,full_eligible_gt_lifetime
paired,COMBINED,t35_n35_m80,t30_n45_m75,small_gt_lifetime,neither,t30_n45_m75,32,3427,0,3427,0.0,0.0,0,0,0,0,0,,,32,116.4047619047619,2.6666666666666665,9.7,,,,,,,0.0,0.0,0,0,0,32,0,0,full_eligible_gt_lifetime
paired,COMBINED,tiny416,tiny640,small_observations,all,tiny416,136,15891,1005,14886,0.06324334528978667,0.16092971941662995,888,1594,117,162,107.93809523809526,0.3333333333333333,2.2333333333333334,165,607.9095238095238,1.4,14.0,0.6429639120222082,0.2857142857142857,2.6,0.6206967635539062,0.2857142857142857,2.1666666666666665,0.6320028011204482,0.604796918767507,75,77,10,49,71,16,full_eligible_gt_lifetime
paired,COMBINED,tiny416,tiny640,small_observations,all,tiny640,136,15891,2482,13409,0.15618903782014976,0.24875998727877924,888,1594,117,324,201.88571428571422,0.26666666666666666,2.1333333333333333,187,416.9238095238094,0.7142857142857143,9.7,0.5670260557053008,0.21428571428571427,2.7142857142857144,0.5414843414843413,0.21428571428571427,2.642857142857143,1.000140056022409,0.9852941176470589,194,77,10,49,71,16,full_eligible_gt_lifetime
paired,COMBINED,tiny416,tiny640,small_observations,common,tiny416,49,3774,1004,2770,0.2660307366189719,0.4449613981087417,888,540,116,117,79.50952380952383,0.35714285714285715,3.1666666666666665,71,85.26666666666667,0.21428571428571427,6.333333333333333,0.653471026965003,0.35714285714285715,2.6,0.638095238095238,0.35714285714285715,2.1,1.331195335276968,1.2699708454810497,74,33,9,7,25,14,full_eligible_gt_lifetime
paired,COMBINED,tiny416,tiny640,small_observations,common,tiny640,49,3774,1428,2346,0.3783783783783784,0.51429071791478,888,540,116,152,80.59523809523812,0.26666666666666666,1.6428571428571428,64,60.266666666666666,0.14285714285714285,5.633333333333334,0.658659085524757,0.2857142857142857,2.642857142857143,0.6100943603247748,0.26666666666666666,2.642857142857143,1.6002915451895046,1.5631681243926145,92,33,9,7,25,14,full_eligible_gt_lifetime
paired,COMBINED,tiny416,tiny640,small_observations,candidate_only,tiny416,44,7794,0,7794,0.0,0.0,0,1054,0,34,18.066666666666666,0.2,1.9333333333333333,50,310.61904761904765,3.7,20.0,0.7317073170731707,0.16666666666666666,4.233333333333333,0.6818181818181819,0.16666666666666666,4.233333333333333,0.38636363636363635,0.3727272727272728,0,44,0,0,43,1,full_eligible_gt_lifetime
paired,COMBINED,tiny416,tiny640,small_observations,candidate_only,tiny640,44,7794,1054,6740,0.13523222992045164,0.19616166118385833,0,1054,0,147,91.2666666666667,0.16666666666666666,2.466666666666667,78,178.96666666666664,0.9333333333333333,10.866666666666667,0.4631014709548741,0.16666666666666666,2.933333333333333,0.4536019536019536,0.16666666666666666,2.933333333333333,1.0222943722943725,1.0177489177489178,102,44,0,0,43,1,full_eligible_gt_lifetime
paired,COMBINED,tiny416,tiny640,small_observations,reference_only,tiny416,1,12,1,11,0.08333333333333333,0.08333333333333333,0,0,1,1,1.5,1.5,1.5,1,0.35714285714285715,0.35714285714285715,0.35714285714285715,0.7857142857142857,0.07142857142857142,1.5,0.7857142857142857,0.07142857142857142,1.5,1.5,1.5,1,0,1,0,0,0,full_eligible_gt_lifetime
paired,COMBINED,tiny416,tiny640,small_observations,reference_only,tiny640,1,12,0,12,0.0,0.0,0,0,1,0,0,,,1,1.9285714285714286,1.9285714285714286,1.9285714285714286,1.5,1.5,1.5,1.5,1.5,1.5,1.5,1.5,0,0,1,0,0,0,full_eligible_gt_lifetime
paired,COMBINED,tiny416,tiny640,small_observations,neither,tiny416,42,4311,0,4311,0.0,0.0,0,0,0,10,8.86190476190476,0.7333333333333333,2.3,43,211.66666666666669,3.6666666666666665,15.566666666666666,0.23809523809523808,0.14285714285714285,0.7666666666666667,0.2222222222222222,0.14285714285714285,0.6666666666666666,0.052947845804988666,0.05056689342403628,0,0,0,42,3,1,full_eligible_gt_lifetime
paired,COMBINED,tiny416,tiny640,small_observations,neither,tiny640,42,4311,0,4311,0.0,0.0,0,0,0,25,30.023809523809522,0.8571428571428571,4.0,44,175.76190476190476,2.3333333333333335,13.2,0.5831029185867895,0.26666666666666666,3.6333333333333333,0.5831029185867895,0.26666666666666666,3.6333333333333333,0.26485260770975055,0.26485260770975055,0,0,0,42,3,1,full_eligible_gt_lifetime
paired,COMBINED,tiny416,t35_n35_m80,small_observations,all,tiny416,136,15891,1005,14886,0.06324334528978667,0.16092971941662995,893,1562,112,162,107.93809523809526,0.3333333333333333,2.2333333333333334,165,607.9095238095238,1.4,14.0,0.6429639120222082,0.2857142857142857,2.6,0.6206967635539062,0.2857142857142857,2.1666666666666665,0.6320028011204482,0.604796918767507,75,80,6,50,72,15,full_eligible_gt_lifetime
paired,COMBINED,tiny416,t35_n35_m80,small_observations,all,t35_n35_m80,136,15891,2455,13436,0.15448996287206596,0.2536196432882654,893,1562,112,318,230.0714285714285,0.26666666666666666,2.6666666666666665,187,391.74761904761897,0.7333333333333333,9.333333333333334,0.5652607709750566,0.21428571428571427,2.7142857142857144,0.543271221532091,0.21428571428571427,2.7142857142857144,0.9888655462184874,0.9850840336134455,178,80,6,50,72,15,full_eligible_gt_lifetime
paired,COMBINED,tiny416,t35_n35_m80,small_observations,common,tiny416,49,3774,1004,2770,0.2660307366189719,0.4449613981087417,893,526,111,117,79.50952380952383,0.35714285714285715,3.1666666666666665,71,85.26666666666667,0.21428571428571427,6.333333333333333,0.653471026965003,0.35714285714285715,2.6,0.638095238095238,0.35714285714285715,2.1,1.331195335276968,1.2699708454810497,74,34,5,10,24,13,full_eligible_gt_lifetime
paired,COMBINED,tiny416,t35_n35_m80,small_observations,common,t35_n35_m80,49,3774,1419,2355,0.37599364069952307,0.5245081529300718,893,526,111,152,79.79523809523812,0.23333333333333334,1.6428571428571428,64,61.5,0.14285714285714285,5.6,0.656503198294243,0.3333333333333333,2.642857142857143,0.6109126984126982,0.26666666666666666,2.642857142857143,1.6044703595724008,1.597376093294461,87,34,5,10,24,13,full_eligible_gt_lifetime
paired,COMBINED,tiny416,t35_n35_m80,small_observations,candidate_only,tiny416,46,8670,0,8670,0.0,0.0,0,1036,0,34,18.066666666666666,0.2,1.9333333333333333,52,338.5142857142857,4.133333333333334,20.0,0.7317073170731707,0.16666666666666666,4.233333333333333,0.6818181818181819,0.16666666666666666,4.233333333333333,0.3695652173913043,0.35652173913043483,0,46,0,0,45,1,full_eligible_gt_lifetime
paired,COMBINED,tiny416,t35_n35_m80,small_observations,candidate_only,t35_n35_m80,46,8670,1036,7634,0.11949250288350634,0.1911167824702298,0,1036,0,135,114.2857142857143,0.23333333333333334,5.433333333333334,81,192.4190476190476,0.9333333333333333,10.866666666666667,0.44130491975795844,0.16666666666666666,2.2666666666666666,0.4364819151704397,0.14285714285714285,2.2666666666666666,0.9552795031055902,0.9516563146997931,91,46,0,0,45,1,full_eligible_gt_lifetime
paired,COMBINED,tiny416,t35_n35_m80,small_observations,reference_only,tiny416,1,12,1,11,0.08333333333333333,0.08333333333333333,0,0,1,1,1.5,1.5,1.5,1,0.35714285714285715,0.35714285714285715,0.35714285714285715,0.7857142857142857,0.07142857142857142,1.5,0.7857142857142857,0.07142857142857142,1.5,1.5,1.5,1,0,1,0,0,0,full_eligible_gt_lifetime
paired,COMBINED,tiny416,t35_n35_m80,small_observations,reference_only,t35_n35_m80,1,12,0,12,0.0,0.0,0,0,1,0,0,,,1,1.9285714285714286,1.9285714285714286,1.9285714285714286,1.5,1.5,1.5,1.5,1.5,1.5,1.5,1.5,0,0,1,0,0,0,full_eligible_gt_lifetime
paired,COMBINED,tiny416,t35_n35_m80,small_observations,neither,tiny416,40,3435,0,3435,0.0,0.0,0,0,0,10,8.86190476190476,0.7333333333333333,2.3,41,183.7714285714286,3.4285714285714284,11.266666666666667,0.23809523809523808,0.14285714285714285,0.7666666666666667,0.2222222222222222,0.14285714285714285,0.6666666666666666,0.0555952380952381,0.0530952380952381,0,0,0,40,3,1,full_eligible_gt_lifetime
paired,COMBINED,tiny416,t35_n35_m80,small_observations,neither,t35_n35_m80,40,3435,0,3435,0.0,0.0,0,0,0,31,35.99047619047619,0.8571428571428571,4.0,41,135.9,2.2666666666666666,9.7,0.6507078507078508,0.26666666666666666,3.6333333333333333,0.6507078507078508,0.26666666666666666,3.6333333333333333,0.2605952380952381,0.2605952380952381,0,0,0,40,3,1,full_eligible_gt_lifetime
paired,COMBINED,tiny416,t30_n45_m75,small_observations,all,tiny416,136,15891,1005,14886,0.06324334528978667,0.16092971941662995,893,1467,112,162,107.93809523809526,0.3333333333333333,2.2333333333333334,165,607.9095238095238,1.4,14.0,0.6429639120222082,0.2857142857142857,2.6,0.6206967635539062,0.2857142857142857,2.1666666666666665,0.6320028011204482,0.604796918767507,75,72,11,53,67,19,full_eligible_gt_lifetime
paired,COMBINED,tiny416,t30_n45_m75,small_observations,all,t30_n45_m75,136,15891,2360,13531,0.14851173620288213,0.24321908607415768,893,1467,112,290,191.43809523809514,0.23333333333333334,2.5,187,439.6095238095236,0.7857142857142857,9.9,0.5896148640334684,0.21428571428571427,2.642857142857143,0.567614309405354,0.21428571428571427,2.5,0.9877450980392153,0.9862745098039213,167,72,11,53,67,19,full_eligible_gt_lifetime
paired,COMBINED,tiny416,t30_n45_m75,small_observations,common,tiny416,48,3689,1003,2686,0.271889400921659,0.45398632919679144,893,491,110,117,79.50952380952383,0.35714285714285715,3.1666666666666665,70,79.26666666666667,0.21428571428571427,6.333333333333333,0.6569985569985571,0.35714285714285715,2.6,0.6414482952944491,0.35714285714285715,2.1,1.3574404761904761,1.2949404761904764,74,31,9,8,23,16,full_eligible_gt_lifetime
paired,COMBINED,tiny416,t30_n45_m75,small_observations,common,t30_n45_m75,48,3689,1384,2305,0.37516942260775277,0.5216241403008688,893,491,110,149,77.44761904761906,0.23333333333333334,1.6333333333333333,63,60.08095238095238,0.16666666666666666,5.033333333333333,0.6581339134638625,0.2857142857142857,2.7142857142857144,0.6173922902494329,0.23333333333333334,2.642857142857143,1.6242063492063494,1.6214285714285717,89,31,9,8,23,16,full_eligible_gt_lifetime
paired,COMBINED,tiny416,t30_n45_m75,small_observations,candidate_only,tiny416,41,7407,0,7407,0.0,0.0,0,976,0,34,18.066666666666666,0.2,1.9333333333333333,47,281.5190476190477,4.133333333333334,18.333333333333332,0.7317073170731707,0.16666666666666666,4.233333333333333,0.6818181818181819,0.16666666666666666,4.233333333333333,0.4146341463414634,0.4000000000000001,0,41,0,0,40,1,full_eligible_gt_lifetime
paired,COMBINED,tiny416,t30_n45_m75,small_observations,candidate_only,t30_n45_m75,41,7407,976,6431,0.13176724719859592,0.19609358467423818,0,976,0,117,80.90000000000002,0.2,4.733333333333333,75,174.53333333333336,0.9,10.866666666666667,0.4693188667872213,0.16666666666666666,2.1333333333333333,0.46345238095238106,0.16666666666666666,1.8666666666666667,1.0418118466898956,1.040185830429733,78,41,0,0,40,1,full_eligible_gt_lifetime
paired,COMBINED,tiny416,t30_n45_m75,small_observations,reference_only,tiny416,2,97,2,95,0.020618556701030927,0.047549019607843135,0,0,2,1,1.5,1.5,1.5,2,6.357142857142857,0.35714285714285715,6.0,0.5476190476190476,0.07142857142857142,1.5,0.5476190476190476,0.07142857142857142,1.5,0.7857142857142857,0.7857142857142857,1,0,2,0,0,1,full_eligible_gt_lifetime
paired,COMBINED,tiny416,t30_n45_m75,small_observations,reference_only,t30_n45_m75,2,97,0,97,0.0,0.0,0,0,2,0,0,,,2,8.0,1.9285714285714286,6.071428571428571,1.5,1.5,1.5,1.5,1.5,1.5,0.75,0.75,0,0,2,0,0,1,full_eligible_gt_lifetime
paired,COMBINED,tiny416,t30_n45_m75,small_observations,neither,tiny416,45,4698,0,4698,0.0,0.0,0,0,0,10,8.86190476190476,0.7333333333333333,2.3,46,240.76666666666668,3.4285714285714284,17.9,0.23809523809523808,0.14285714285714285,0.7666666666666667,0.2222222222222222,0.14285714285714285,0.6666666666666666,0.04941798941798942,0.047195767195767194,0,0,0,45,4,1,full_eligible_gt_lifetime
paired,COMBINED,tiny416,t30_n45_m75,small_observations,neither,t30_n45_m75,45,4698,0,4698,0.0,0.0,0,0,0,24,33.090476190476195,0.8571428571428571,4.033333333333333,47,196.99523809523808,2.6666666666666665,13.4,0.7379416282642091,0.2857142857142857,3.6333333333333333,0.7379416282642091,0.2857142857142857,3.6333333333333333,0.27015873015873015,0.27015873015873015,0,0,0,45,4,1,full_eligible_gt_lifetime
paired,COMBINED,tiny640,t35_n35_m80,small_observations,all,tiny640,136,15891,2482,13409,0.15618903782014976,0.24875998727877924,2337,118,145,324,201.88571428571422,0.26666666666666666,2.1333333333333333,187,416.9238095238094,0.7142857142857143,9.7,0.5670260557053008,0.21428571428571427,2.7142857142857144,0.5414843414843413,0.21428571428571427,2.642857142857143,1.000140056022409,0.9852941176470589,194,27,23,86,18,11,full_eligible_gt_lifetime
paired,COMBINED,tiny640,t35_n35_m80,small_observations,all,t35_n35_m80,136,15891,2455,13436,0.15448996287206596,0.2536196432882654,2337,118,145,318,230.0714285714285,0.26666666666666666,2.6666666666666665,187,391.74761904761897,0.7333333333333333,9.333333333333334,0.5652607709750566,0.21428571428571427,2.7142857142857144,0.543271221532091,0.21428571428571427,2.7142857142857144,0.9888655462184874,0.9850840336134455,178,27,23,86,18,11,full_eligible_gt_lifetime
paired,COMBINED,tiny640,t35_n35_m80,small_observations,common,tiny640,91,11436,2477,8959,0.21659671213711088,0.3707770878578041,2337,103,140,292,166.59523809523805,0.21428571428571427,2.0,139,234.45238095238093,0.3333333333333333,8.433333333333334,0.5472709188113888,0.21428571428571427,2.5,0.5201110717239749,0.21428571428571427,2.2666666666666666,1.3061224489795917,1.2839351125065408,193,23,21,47,15,9,full_eligible_gt_lifetime
paired,COMBINED,tiny640,t35_n35_m80,small_observations,common,t35_n35_m80,91,11436,2440,8996,0.21336131514515566,0.37131252567901196,2337,103,140,283,178.247619047619,0.23333333333333334,2.5,138,224.44761904761904,0.42857142857142855,8.066666666666666,0.556035141329259,0.21428571428571427,2.642857142857143,0.5318597004019,0.21428571428571427,2.2666666666666666,1.3071690214547358,1.3015175300889585,177,23,21,47,15,9,full_eligible_gt_lifetime
paired,COMBINED,tiny640,t35_n35_m80,small_observations,candidate_only,tiny640,4,1008,0,1008,0.0,0.0,0,15,0,1,1.4,1.4,1.4,5,42.58095238095238,13.2,15.566666666666666,2.6,0.03333333333333333,5.166666666666667,2.6,0.03333333333333333,5.166666666666667,1.2916666666666667,1.2916666666666667,0,4,0,0,3,1,full_eligible_gt_lifetime
paired,COMBINED,tiny640,t35_n35_m80,small_observations,candidate_only,t35_n35_m80,4,1008,15,993,0.01488095238095238,0.1757079126035022,0,15,0,4,15.833333333333332,1.4,12.066666666666666,7,29.471428571428568,1.1,14.733333333333333,0.48452380952380947,0.1,3.1666666666666665,0.48452380952380947,0.1,3.1666666666666665,0.9023809523809523,0.9023809523809523,1,4,0,0,3,1,full_eligible_gt_lifetime
paired,COMBINED,tiny640,t35_n35_m80,small_observations,reference_only,tiny640,2,132,5,127,0.03787878787878788,0.04532163742690058,0,0,5,7,5.2666666666666675,0.8333333333333334,1.7333333333333334,3,4.780952380952381,1.1428571428571428,3.566666666666667,1.2486772486772486,0.5333333333333333,4.466666666666667,1.2486772486772486,0.5333333333333333,4.466666666666667,2.269047619047619,2.269047619047619,1,0,2,0,0,1,full_eligible_gt_lifetime
paired,COMBINED,tiny640,t35_n35_m80,small_observations,reference_only,t35_n35_m80,2,132,0,132,0.0,0.0,0,0,5,6,5.1,0.8333333333333334,1.7333333333333334,2,5.152380952380953,1.2857142857142858,3.8666666666666667,1.5761904761904761,1.3,4.466666666666667,1.5761904761904761,1.3,4.466666666666667,2.2333333333333334,2.2333333333333334,0,0,2,0,0,1,full_eligible_gt_lifetime
paired,COMBINED,tiny640,t35_n35_m80,small_observations,neither,tiny640,39,3315,0,3315,0.0,0.0,0,0,0,24,28.623809523809523,0.7,4.0,40,135.1095238095238,2.2666666666666666,9.7,0.47920634920634914,0.26666666666666666,1.5,0.47920634920634914,0.26666666666666666,1.5,0.19120879120879122,0.19120879120879122,0,0,0,39,0,0,full_eligible_gt_lifetime
paired,COMBINED,tiny640,t35_n35_m80,small_observations,neither,t35_n35_m80,39,3315,0,3315,0.0,0.0,0,0,0,25,30.890476190476193,0.8571428571428571,4.0,40,132.67619047619047,2.0,9.7,0.46912442396313364,0.26666666666666666,1.5,0.46912442396313364,0.26666666666666666,1.5,0.19120879120879122,0.19120879120879122,0,0,0,39,0,0,full_eligible_gt_lifetime
paired,COMBINED,tiny640,t30_n45_m75,small_observations,all,tiny640,136,15891,2482,13409,0.15618903782014976,0.24875998727877924,2310,50,172,324,201.88571428571422,0.26666666666666666,2.1333333333333333,187,416.9238095238094,0.7142857142857143,9.7,0.5670260557053008,0.21428571428571427,2.7142857142857144,0.5414843414843413,0.21428571428571427,2.642857142857143,1.000140056022409,0.9852941176470589,194,6,39,91,11,22,full_eligible_gt_lifetime
paired,COMBINED,tiny640,t30_n45_m75,small_observations,all,t30_n45_m75,136,15891,2360,13531,0.14851173620288213,0.24321908607415768,2310,50,172,290,191.43809523809514,0.23333333333333334,2.5,187,439.6095238095236,0.7857142857142857,9.9,0.5896148640334684,0.21428571428571427,2.642857142857143,0.567614309405354,0.21428571428571427,2.5,0.9877450980392153,0.9862745098039213,167,6,39,91,11,22,full_eligible_gt_lifetime
paired,COMBINED,tiny640,t30_n45_m75,small_observations,common,tiny640,88,10890,2465,8425,0.2263544536271809,0.3828483786035143,2310,39,155,290,166.0285714285714,0.21428571428571427,2.0,133,214.70476190476185,0.3333333333333333,8.2,0.5533509700176367,0.21428571428571427,2.642857142857143,0.5255443886097152,0.21428571428571427,2.5,1.3468073593073593,1.3238636363636362,191,5,34,49,10,16,full_eligible_gt_lifetime
paired,COMBINED,tiny640,t30_n45_m75,small_observations,common,t30_n45_m75,88,10890,2349,8541,0.21570247933884298,0.37527724599810247,2310,39,155,266,158.34761904761902,0.21428571428571427,2.066666666666667,136,228.11428571428576,0.3333333333333333,8.433333333333334,0.5746838848533764,0.21428571428571427,2.5,0.5513227513227513,0.21428571428571427,2.3333333333333335,1.3671536796536794,1.3648809523809522,167,5,34,49,10,16,full_eligible_gt_lifetime
paired,COMBINED,tiny640,t30_n45_m75,small_observations,candidate_only,tiny640,1,206,0,206,0.0,0.0,0,11,0,0,0,,,1,6.866666666666666,6.866666666666666,6.866666666666666,,,,,,,0.0,0.0,0,1,0,0,1,0,full_eligible_gt_lifetime
paired,COMBINED,tiny640,t30_n45_m75,small_observations,candidate_only,t30_n45_m75,1,206,11,195,0.05339805825242718,0.05339805825242718,0,11,0,0,0,,,2,6.5,3.033333333333333,3.466666666666667,0.36666666666666664,0.36666666666666664,0.36666666666666664,0.36666666666666664,0.36666666666666664,0.36666666666666664,0.36666666666666664,0.36666666666666664,0,1,0,0,1,0,full_eligible_gt_lifetime
paired,COMBINED,tiny640,t30_n45_m75,small_observations,reference_only,tiny640,5,678,17,661,0.025073746312684365,0.0281401905609449,0,0,17,9,5.833333333333333,0.4,1.7333333333333334,9,24.52857142857143,1.4333333333333333,9.3,0.834013605442177,0.16666666666666666,4.466666666666667,0.834013605442177,0.16666666666666666,4.466666666666667,0.9752380952380953,0.9752380952380953,3,0,5,0,0,4,full_eligible_gt_lifetime
paired,COMBINED,tiny640,t30_n45_m75,small_observations,reference_only,t30_n45_m75,5,678,0,678,0.0,0.0,0,0,17,6,5.333333333333334,0.8,1.7333333333333334,5,26.771428571428572,4.733333333333333,11.633333333333333,1.4190476190476191,0.5333333333333333,4.466666666666667,1.4190476190476191,0.5333333333333333,4.466666666666667,0.8933333333333333,0.8933333333333333,0,0,5,0,0,4,full_eligible_gt_lifetime
paired,COMBINED,tiny640,t30_n45_m75,small_observations,neither,tiny640,42,4117,0,4117,0.0,0.0,0,0,0,25,30.023809523809522,0.8571428571428571,4.0,44,170.82380952380953,2.2666666666666666,13.2,0.6117559523809524,0.26666666666666666,3.6333333333333333,0.6117559523809524,0.26666666666666666,3.6333333333333333,0.30056689342403625,0.30056689342403625,0,0,0,42,0,2,full_eligible_gt_lifetime
paired,COMBINED,tiny640,t30_n45_m75,small_observations,neither,t30_n45_m75,42,4117,0,4117,0.0,0.0,0,0,0,18,27.75714285714286,0.8571428571428571,8.333333333333334,44,178.22380952380954,2.3333333333333335,13.4,0.5777142857142856,0.2857142857142857,1.7666666666666666,0.5777142857142856,0.2857142857142857,1.7666666666666666,0.21882086167800452,0.21882086167800452,0,0,0,42,0,2,full_eligible_gt_lifetime
paired,COMBINED,t35_n35_m80,t30_n45_m75,small_observations,all,t35_n35_m80,136,15891,2455,13436,0.15448996287206596,0.2536196432882654,2222,138,233,318,230.0714285714285,0.26666666666666666,2.6666666666666665,187,391.74761904761897,0.7333333333333333,9.333333333333334,0.5652607709750566,0.21428571428571427,2.7142857142857144,0.543271221532091,0.21428571428571427,2.7142857142857144,0.9888655462184874,0.9850840336134455,178,18,46,72,12,31,full_eligible_gt_lifetime
paired,COMBINED,t35_n35_m80,t30_n45_m75,small_observations,all,t30_n45_m75,136,15891,2360,13531,0.14851173620288213,0.24321908607415768,2222,138,233,290,191.43809523809514,0.23333333333333334,2.5,187,439.6095238095236,0.7857142857142857,9.9,0.5896148640334684,0.21428571428571427,2.642857142857143,0.567614309405354,0.21428571428571427,2.5,0.9877450980392153,0.9862745098039213,167,18,46,72,12,31,full_eligible_gt_lifetime
paired,COMBINED,t35_n35_m80,t30_n45_m75,small_observations,common,t35_n35_m80,87,10872,2426,8446,0.22314201618837382,0.38713748590541047,2222,126,204,281,177.647619047619,0.21428571428571427,2.5,130,203.55238095238093,0.35714285714285715,6.933333333333334,0.5636257763975155,0.21428571428571427,2.642857142857143,0.5387384044526903,0.21428571428571427,2.2666666666666666,1.3629447181171317,1.3570333880678707,175,16,38,33,10,22,full_eligible_gt_lifetime
paired,COMBINED,t35_n35_m80,t30_n45_m75,small_observations,common,t30_n45_m75,87,10872,2348,8524,0.21596762325239147,0.37895220795721224,2222,126,204,266,158.34761904761902,0.21428571428571427,2.066666666666667,134,226.90000000000003,0.3333333333333333,8.433333333333334,0.576109537299339,0.21428571428571427,2.5,0.552626811594203,0.21428571428571427,2.3333333333333335,1.3820470717022437,1.3797482211275314,167,16,38,33,10,22,full_eligible_gt_lifetime
paired,COMBINED,t35_n35_m80,t30_n45_m75,small_observations,candidate_only,t35_n35_m80,2,224,0,224,0.0,0.0,0,12,0,0,0,,,2,8.152380952380952,1.2857142857142858,6.866666666666666,,,,,,,0.0,0.0,0,2,0,0,2,0,full_eligible_gt_lifetime
paired,COMBINED,t35_n35_m80,t30_n45_m75,small_observations,candidate_only,t30_n45_m75,2,224,12,212,0.05357142857142857,0.05447680690399137,0,12,0,0,0,,,4,7.714285714285714,1.1428571428571428,3.466666666666667,0.21904761904761905,0.07142857142857142,0.36666666666666664,0.21904761904761905,0.07142857142857142,0.36666666666666664,0.21904761904761905,0.21904761904761905,0,2,0,0,2,0,full_eligible_gt_lifetime
paired,COMBINED,t35_n35_m80,t30_n45_m75,small_observations,reference_only,t35_n35_m80,8,1572,29,1543,0.018447837150127225,0.1014137766791727,0,0,29,6,16.433333333333334,0.43333333333333335,12.066666666666666,15,50.36666666666667,1.1333333333333333,14.733333333333333,0.31564625850340133,0.1,3.1666666666666665,0.31564625850340133,0.1,3.1666666666666665,0.4982142857142857,0.4982142857142857,3,0,8,0,0,8,full_eligible_gt_lifetime
paired,COMBINED,t35_n35_m80,t30_n45_m75,small_observations,reference_only,t30_n45_m75,8,1572,0,1572,0.0,0.0,0,0,29,0,0,,,9,69.45238095238095,6.071428571428571,15.566666666666666,1.7666666666666666,1.7666666666666666,1.7666666666666666,1.7666666666666666,1.7666666666666666,1.7666666666666666,0.22083333333333333,0.22083333333333333,0,0,8,0,0,8,full_eligible_gt_lifetime
paired,COMBINED,t35_n35_m80,t30_n45_m75,small_observations,neither,t35_n35_m80,39,3223,0,3223,0.0,0.0,0,0,0,31,35.99047619047619,0.8571428571428571,4.0,40,129.67619047619047,2.0,9.7,0.6730576441102757,0.26666666666666666,3.6333333333333333,0.6730576441102757,0.26666666666666666,3.6333333333333333,0.30573870573870576,0.30573870573870576,0,0,0,39,0,1,full_eligible_gt_lifetime
paired,COMBINED,t35_n35_m80,t30_n45_m75,small_observations,neither,t30_n45_m75,39,3223,0,3223,0.0,0.0,0,0,0,24,33.090476190476195,0.8571428571428571,4.033333333333333,40,135.54285714285714,2.2666666666666666,9.7,0.7293394777265747,0.2857142857142857,3.6333333333333333,0.7293394777265747,0.2857142857142857,3.6333333333333333,0.3048840048840049,0.3048840048840049,0,0,0,39,0,1,full_eligible_gt_lifetime
four_way,COMBINED,,,all_gt,all,tiny416,335,85894,29325,56569,0.34140917875520993,0.3691842996898142,,,,527,372.1904761904759,0.2857142857142857,2.4285714285714284,427,1613.1380952380946,0.8571428571428571,15.966666666666667,1.5299055278948046,0.5,7.0,1.4669788223772813,0.43333333333333335,6.9,2.3213219616204697,2.2922956645344708,75,,,,,,full_eligible_gt_lifetime
four_way,COMBINED,,,all_gt,all,tiny640,335,85894,40420,45474,0.47058001723054,0.44833179870759415,,,,798,489.60000000000014,0.23333333333333334,2.466666666666667,449,1122.9238095238097,0.6428571428571429,11.366666666666667,1.4150600801068083,0.35714285714285715,6.733333333333333,1.3422998986828771,0.3333333333333333,6.566666666666666,2.8954655294953797,2.8595024875621884,194,,,,,,full_eligible_gt_lifetime
four_way,COMBINED,,,all_gt,all,t35_n35_m80,335,85894,40206,45688,0.4680885742892402,0.44950530933162414,,,,777,522.1857142857144,0.23333333333333334,2.8,450,1098.1952380952382,0.7,10.866666666666667,1.4318033677349262,0.36666666666666664,6.733333333333333,1.361896150865409,0.3333333333333333,6.566666666666666,2.9098081023454148,2.875636105188343,178,,,,,,full_eligible_gt_lifetime
four_way,COMBINED,,,all_gt,all,t30_n45_m75,335,85894,39528,46366,0.46019512422287934,0.44170649343799445,,,,743,471.2000000000002,0.21428571428571427,2.566666666666667,453,1172.314285714286,0.6428571428571429,11.366666666666667,1.468439415370108,0.36666666666666664,7.033333333333333,1.4058045587903403,0.35714285714285715,6.9,2.8962473347547966,2.8666098081023446,167,,,,,,full_eligible_gt_lifetime
four_way,COMBINED,,,all_gt,all_four_covered,tiny416,216,58391,29309,29082,0.5019437927077803,0.5670666863964536,,,,526,372.0476190476188,0.2857142857142857,2.4285714285714284,307,681.4666666666667,0.5,10.7,1.5366127583108722,0.5,7.0,1.4730835486649454,0.4666666666666667,6.9,3.5952380952380962,3.5502204585537926,75,,,,,,full_eligible_gt_lifetime
four_way,COMBINED,,,all_gt,all_four_covered,tiny640,216,58391,36798,21593,0.6301998595673991,0.6400773633720839,,,,659,398.0523809523808,0.23333333333333334,2.466666666666667,287,404.6095238095238,0.3333333333333333,5.8,1.5897360544217676,0.43333333333333335,7.5,1.502180396996811,0.36666666666666664,7.033333333333333,4.187169312169311,4.132936507936507,105,,,,,,full_eligible_gt_lifetime
four_way,COMBINED,,,all_gt,all_four_covered,t35_n35_m80,216,58391,36804,21587,0.6303026151290438,0.6423011124448602,,,,654,402.56666666666666,0.23333333333333334,2.6,287,400.12380952380954,0.3333333333333333,5.8,1.5988396278051444,0.43333333333333335,7.5,1.5103045344087678,0.4,7.033333333333333,4.217063492063491,4.166688712522045,100,,,,,,full_eligible_gt_lifetime
four_way,COMBINED,,,all_gt,all_four_covered,t30_n45_m75,216,58391,36489,21902,0.6249079481426932,0.6392607607828121,,,,636,382.8190476190476,0.21428571428571427,2.2666666666666666,292,430.9809523809523,0.3333333333333333,6.366666666666666,1.6195785826067508,0.43333333333333335,7.533333333333333,1.5469517403373898,0.4,7.2,4.2296737213403865,4.18555996472663,101,,,,,,full_eligible_gt_lifetime
four_way,COMBINED,,,small_gt_lifetime,all,tiny416,136,23186,3218,19968,0.13879064952988873,0.19761702302058776,,,,162,107.93809523809526,0.3333333333333333,2.2333333333333334,165,607.9095238095238,1.4,14.0,0.6429639120222082,0.2857142857142857,2.6,0.6206967635539062,0.2857142857142857,2.1666666666666665,0.6320028011204482,0.604796918767507,75,,,,,,full_eligible_gt_lifetime
four_way,COMBINED,,,small_gt_lifetime,all,tiny640,136,23186,6008,17178,0.25912188389545415,0.28515717855622613,,,,324,201.88571428571422,0.26666666666666666,2.1333333333333333,187,416.9238095238094,0.7142857142857143,9.7,0.5670260557053008,0.21428571428571427,2.7142857142857144,0.5414843414843413,0.21428571428571427,2.642857142857143,1.000140056022409,0.9852941176470589,194,,,,,,full_eligible_gt_lifetime
four_way,COMBINED,,,small_gt_lifetime,all,t35_n35_m80,136,23186,5928,17258,0.25567152592081427,0.289662582061597,,,,318,230.0714285714285,0.26666666666666666,2.6666666666666665,187,391.74761904761897,0.7333333333333333,9.333333333333334,0.5652607709750566,0.21428571428571427,2.7142857142857144,0.543271221532091,0.21428571428571427,2.7142857142857144,0.9888655462184874,0.9850840336134455,178,,,,,,full_eligible_gt_lifetime
four_way,COMBINED,,,small_gt_lifetime,all,t30_n45_m75,136,23186,5658,17528,0.24402656775640472,0.27788295488403986,,,,290,191.43809523809514,0.23333333333333334,2.5,187,439.6095238095236,0.7857142857142857,9.9,0.5896148640334684,0.21428571428571427,2.642857142857143,0.567614309405354,0.21428571428571427,2.5,0.9877450980392153,0.9862745098039213,167,,,,,,full_eligible_gt_lifetime
four_way,COMBINED,,,small_gt_lifetime,all_four_covered,tiny416,60,9475,3217,6258,0.3395250659630607,0.44773584041529296,,,,162,107.93809523809526,0.3333333333333333,2.2333333333333334,89,138.07142857142856,0.36666666666666664,7.033333333333333,0.6455383955383958,0.2857142857142857,2.6,0.6230848861283643,0.2857142857142857,2.1666666666666665,1.4313492063492064,1.3696825396825398,75,,,,,,full_eligible_gt_lifetime
four_way,COMBINED,,,small_gt_lifetime,all_four_covered,tiny640,60,9475,4340,5135,0.45804749340369394,0.5191009196256414,,,,220,132.01904761904765,0.2857142857142857,2.066666666666667,80,74.30952380952381,0.21428571428571427,4.714285714285714,0.6535374149659862,0.26666666666666666,2.7142857142857144,0.618211068211068,0.23333333333333334,2.7142857142857144,1.7082539682539688,1.677936507936508,105,,,,,,full_eligible_gt_lifetime
four_way,COMBINED,,,small_gt_lifetime,all_four_covered,t35_n35_m80,60,9475,4335,5140,0.4575197889182058,0.5260515765893066,,,,224,133.38571428571427,0.26666666666666666,2.1333333333333333,80,73.10952380952381,0.21428571428571427,4.714285714285714,0.6437458081824278,0.26666666666666666,2.7142857142857144,0.6114508679726071,0.23333333333333334,2.7142857142857144,1.711666666666667,1.7058730158730162,100,,,,,,full_eligible_gt_lifetime
four_way,COMBINED,,,small_gt_lifetime,all_four_covered,t30_n45_m75,60,9475,4252,5223,0.4487598944591029,0.5165537829625559,,,,212,123.77142857142856,0.23333333333333334,2.066666666666667,82,85.98571428571427,0.21428571428571427,5.633333333333334,0.6601540616246496,0.26666666666666666,2.7142857142857144,0.6300417710944024,0.23333333333333334,2.642857142857143,1.7675396825396825,1.7653174603174606,101,,,,,,full_eligible_gt_lifetime
four_way,COMBINED,,,small_observations,all,tiny416,136,15891,1005,14886,0.06324334528978667,0.16092971941662995,,,,162,107.93809523809526,0.3333333333333333,2.2333333333333334,165,607.9095238095238,1.4,14.0,0.6429639120222082,0.2857142857142857,2.6,0.6206967635539062,0.2857142857142857,2.1666666666666665,0.6320028011204482,0.604796918767507,75,,,,,,full_eligible_gt_lifetime
four_way,COMBINED,,,small_observations,all,tiny640,136,15891,2482,13409,0.15618903782014976,0.24875998727877924,,,,324,201.88571428571422,0.26666666666666666,2.1333333333333333,187,416.9238095238094,0.7142857142857143,9.7,0.5670260557053008,0.21428571428571427,2.7142857142857144,0.5414843414843413,0.21428571428571427,2.642857142857143,1.000140056022409,0.9852941176470589,194,,,,,,full_eligible_gt_lifetime
four_way,COMBINED,,,small_observations,all,t35_n35_m80,136,15891,2455,13436,0.15448996287206596,0.2536196432882654,,,,318,230.0714285714285,0.26666666666666666,2.6666666666666665,187,391.74761904761897,0.7333333333333333,9.333333333333334,0.5652607709750566,0.21428571428571427,2.7142857142857144,0.543271221532091,0.21428571428571427,2.7142857142857144,0.9888655462184874,0.9850840336134455,178,,,,,,full_eligible_gt_lifetime
four_way,COMBINED,,,small_observations,all,t30_n45_m75,136,15891,2360,13531,0.14851173620288213,0.24321908607415768,,,,290,191.43809523809514,0.23333333333333334,2.5,187,439.6095238095236,0.7857142857142857,9.9,0.5896148640334684,0.21428571428571427,2.642857142857143,0.567614309405354,0.21428571428571427,2.5,0.9877450980392153,0.9862745098039213,167,,,,,,full_eligible_gt_lifetime
four_way,COMBINED,,,small_observations,all_four_covered,tiny416,48,3689,1003,2686,0.271889400921659,0.45398632919679144,,,,117,79.50952380952383,0.35714285714285715,3.1666666666666665,70,79.26666666666667,0.21428571428571427,6.333333333333333,0.6569985569985571,0.35714285714285715,2.6,0.6414482952944491,0.35714285714285715,2.1,1.3574404761904761,1.2949404761904764,74,,,,,,full_eligible_gt_lifetime
four_way,COMBINED,,,small_observations,all_four_covered,tiny640,48,3689,1426,2263,0.3865546218487395,0.5245149117929065,,,,152,80.59523809523812,0.26666666666666666,1.6428571428571428,62,54.338095238095235,0.14285714285714285,5.0,0.6612380952380952,0.2857142857142857,2.642857142857143,0.6122574955908289,0.26666666666666666,2.642857142857143,1.6306547619047622,1.5927579365079367,92,,,,,,full_eligible_gt_lifetime
four_way,COMBINED,,,small_observations,all_four_covered,t35_n35_m80,48,3689,1417,2272,0.3841149362970995,0.5349452100376836,,,,152,79.79523809523812,0.23333333333333334,1.6428571428571428,62,55.571428571428584,0.14285714285714285,4.933333333333334,0.6590714285714284,0.3333333333333333,2.642857142857143,0.6130897009966776,0.26666666666666666,2.642857142857143,1.634920634920635,1.6276785714285715,87,,,,,,full_eligible_gt_lifetime
four_way,COMBINED,,,small_observations,all_four_covered,t30_n45_m75,48,3689,1384,2305,0.37516942260775277,0.5216241403008688,,,,149,77.44761904761906,0.23333333333333334,1.6333333333333333,63,60.08095238095238,0.16666666666666666,5.033333333333333,0.6581339134638625,0.2857142857142857,2.7142857142857144,0.6173922902494329,0.23333333333333334,2.642857142857143,1.6242063492063494,1.6214285714285717,89,,,,,,full_eligible_gt_lifetime
